,patient,v,UC_mean,UC_cov,session,EWS,TWS
0,8,0,0.00390625,3.814697265625e-06,4,0.8399563263430594,1.0
1,8,0,0.00390625,3.814697265625e-06,5,0.7915069860523932,0.9791666666666666
2,8,0,0.00390625,3.814697265625e-06,6,0.8002299747694659,0.9861111111111112
3,8,0,0.00390625,3.814697265625e-06,7,0.7978243397207085,0.9652777777777778
4,8,0,0.00390625,3.814697265625e-06,8,0.8107335470612105,0.9930555555555556
5,8,0,0.00390625,3.814697265625e-06,9,0.816428721597523,0.9791666666666666
6,8,0,0.00390625,3.814697265625e-06,10,0.8013948110110494,0.9814814814814815
7,8,0,0.00390625,3.814697265625e-06,11,0.644804065809957,0.6319444444444444
8,8,0,0.00390625,3.814697265625e-06,12,0.771644113456496,0.8583333333333333
9,8,0,0.00390625,3.814697265625e-06,13,0.8112438413313834,0.8958333333333334
10,8,0,0.00390625,3.814697265625e-06,14,0.8522838085161143,0.9722222222222222
11,8,0,0.00390625,3.814697265625e-06,15,0.8479699112652583,0.9861111111111112
12,8,0,0.00390625,3.814697265625e-06,16,0.8860088497562948,1.0
13,8,0,0.00390625,3.814697265625e-06,17,0.9066225084123546,0.9927536231884058
14,8,0,0.00390625,3.814697265625e-06,18,0.8806226326063464,1.0
15,8,1,0.00390625,7.62939453125e-06,4,0.8398845201405337,1.0
16,8,1,0.00390625,7.62939453125e-06,5,0.7911996919486851,0.9791666666666666
17,8,1,0.00390625,7.62939453125e-06,6,0.7998381356253077,0.9861111111111112
18,8,1,0.00390625,7.62939453125e-06,7,0.7973724790978964,0.9652777777777778
19,8,1,0.00390625,7.62939453125e-06,8,0.8100910514493169,0.9930555555555556
20,8,1,0.00390625,7.62939453125e-06,9,0.8158745508555301,0.9791666666666666
21,8,1,0.00390625,7.62939453125e-06,10,0.800845004554313,0.9814814814814815
22,8,1,0.00390625,7.62939453125e-06,11,0.644601568938677,0.625
23,8,1,0.00390625,7.62939453125e-06,12,0.7712785048071742,0.85
24,8,1,0.00390625,7.62939453125e-06,13,0.8107690598465009,0.8958333333333334
25,8,1,0.00390625,7.62939453125e-06,14,0.8523552110440675,0.9722222222222222
26,8,1,0.00390625,7.62939453125e-06,15,0.8479286518625287,0.9861111111111112
27,8,1,0.00390625,7.62939453125e-06,16,0.8855190134992477,1.0
28,8,1,0.00390625,7.62939453125e-06,17,0.9061161167056838,0.9927536231884058
29,8,1,0.00390625,7.62939453125e-06,18,0.8793591957334843,1.0
30,8,2,0.00390625,1.52587890625e-05,4,0.8397268045917254,1.0
31,8,2,0.00390625,1.52587890625e-05,5,0.7905812731436579,0.9791666666666666
32,8,2,0.00390625,1.52587890625e-05,6,0.7990525641864099,0.9861111111111112
33,8,2,0.00390625,1.52587890625e-05,7,0.796475943219251,0.9652777777777778
34,8,2,0.00390625,1.52587890625e-05,8,0.8088393751598976,0.9930555555555556
35,8,2,0.00390625,1.52587890625e-05,9,0.814813751775174,0.9722222222222222
36,8,2,0.00390625,1.52587890625e-05,10,0.7997499640026776,0.9814814814814815
37,8,2,0.00390625,1.52587890625e-05,11,0.6442054271847624,0.625
38,8,2,0.00390625,1.52587890625e-05,12,0.7705970953412914,0.85
39,8,2,0.00390625,1.52587890625e-05,13,0.8098575882279586,0.8958333333333334
40,8,2,0.00390625,1.52587890625e-05,14,0.8523668284766507,0.9722222222222222
41,8,2,0.00390625,1.52587890625e-05,15,0.847816224494392,0.9930555555555556
42,8,2,0.00390625,1.52587890625e-05,16,0.8846737494665439,1.0
43,8,2,0.00390625,1.52587890625e-05,17,0.9051758229027042,0.9927536231884058
44,8,2,0.00390625,1.52587890625e-05,18,0.8770748175210775,1.0
45,8,3,0.00390625,3.0517578125e-05,4,0.8394118343811601,1.0
46,8,3,0.00390625,3.0517578125e-05,5,0.7893615841391878,0.9791666666666666
47,8,3,0.00390625,3.0517578125e-05,6,0.7975659246663753,0.9861111111111112
48,8,3,0.00390625,3.0517578125e-05,7,0.7948073461126735,0.9583333333333334
49,8,3,0.00390625,3.0517578125e-05,8,0.8065222769609659,0.9861111111111112
50,8,3,0.00390625,3.0517578125e-05,9,0.8128725596187384,0.9791666666666666
51,8,3,0.00390625,3.0517578125e-05,10,0.7976810905965367,0.9814814814814815
52,8,3,0.00390625,3.0517578125e-05,11,0.64351820762492,0.6180555555555556
53,8,3,0.00390625,3.0517578125e-05,12,0.7693770907915375,0.8583333333333333
54,8,3,0.00390625,3.0517578125e-05,13,0.8083007402872722,0.9027777777777778
55,8,3,0.00390625,3.0517578125e-05,14,0.8521544975549772,0.9722222222222222
56,8,3,0.00390625,3.0517578125e-05,15,0.8474073239944147,0.9930555555555556
57,8,3,0.00390625,3.0517578125e-05,16,0.8830746838570562,1.0
58,8,3,0.00390625,3.0517578125e-05,17,0.903390766247543,0.9927536231884058
59,8,3,0.00390625,3.0517578125e-05,18,0.8733513844003844,1.0
60,8,4,0.00390625,6.103515625e-05,4,0.83881406387618,1.0
61,8,4,0.00390625,6.103515625e-05,5,0.7871196600745497,0.9791666666666666
62,8,4,0.00390625,6.103515625e-05,6,0.7947790779324043,0.9861111111111112
63,8,4,0.00390625,6.103515625e-05,7,0.7917895780339459,0.9583333333333334
64,8,4,0.00390625,6.103515625e-05,8,0.8024803929194285,0.9861111111111112
65,8,4,0.00390625,6.103515625e-05,9,0.8095313442553297,0.9791666666666666
66,8,4,0.00390625,6.103515625e-05,10,0.7941305313044347,0.9722222222222222
67,8,4,0.00390625,6.103515625e-05,11,0.6424676902414456,0.6180555555555556
68,8,4,0.00390625,6.103515625e-05,12,0.7673702182684595,0.8583333333333333
69,8,4,0.00390625,6.103515625e-05,13,0.8056525751340567,0.9027777777777778
70,8,4,0.00390625,6.103515625e-05,14,0.8513382388687123,0.9722222222222222
71,8,4,0.00390625,6.103515625e-05,15,0.8463897121751273,0.9930555555555556
72,8,4,0.00390625,6.103515625e-05,16,0.880260551200557,1.0
73,8,4,0.00390625,6.103515625e-05,17,0.9005337694791556,0.9927536231884058
74,8,4,0.00390625,6.103515625e-05,18,0.8679659369232526,0.9930555555555556
75,8,5,0.00390625,0.0001220703125,4,0.8376505084275501,1.0
76,8,5,0.00390625,0.0001220703125,5,0.7830986906705574,0.9791666666666666
77,8,5,0.00390625,0.0001220703125,6,0.789977144509347,0.9791666666666666
78,8,5,0.00390625,0.0001220703125,7,0.7868310294264442,0.9513888888888888
79,8,5,0.00390625,0.0001220703125,8,0.7960179984987195,0.9861111111111112
80,8,5,0.00390625,0.0001220703125,9,0.8044228173118131,0.9861111111111112
81,8,5,0.00390625,0.0001220703125,10,0.78833590495263,0.9814814814814815
82,8,5,0.00390625,0.0001220703125,11,0.6411423338725925,0.6111111111111112
83,8,5,0.00390625,0.0001220703125,12,0.7645405586618934,0.8583333333333333
84,8,5,0.00390625,0.0001220703125,13,0.8017428607058237,0.8958333333333334
85,8,5,0.00390625,0.0001220703125,14,0.8490938402585148,0.9652777777777778
86,8,5,0.00390625,0.0001220703125,15,0.844393946218639,0.9930555555555556
87,8,5,0.00390625,0.0001220703125,16,0.8762462658071473,1.0
88,8,5,0.00390625,0.0001220703125,17,0.8963720891699875,1.0
89,8,5,0.00390625,0.0001220703125,18,0.8609307755877492,0.9861111111111112
90,8,6,0.00390625,0.000244140625,4,0.8354683004190845,1.0
91,8,6,0.00390625,0.000244140625,5,0.7764238743332367,0.9791666666666666
92,8,6,0.00390625,0.000244140625,6,0.7824363815352419,0.9722222222222222
93,8,6,0.00390625,0.000244140625,7,0.7794031670688177,0.9513888888888888
94,8,6,0.00390625,0.000244140625,8,0.7869694561559534,0.9861111111111112
95,8,6,0.00390625,0.000244140625,9,0.7975037539609471,0.9930555555555556
96,8,6,0.00390625,0.000244140625,10,0.7802990565292325,0.9722222222222222
97,8,6,0.00390625,0.000244140625,11,0.6399203321021947,0.6111111111111112
98,8,6,0.00390625,0.000244140625,12,0.7612101387674957,0.8583333333333333
99,8,6,0.00390625,0.000244140625,13,0.796890203947443,0.9027777777777778
100,8,6,0.00390625,0.000244140625,14,0.8450082573136206,0.9583333333333334
101,8,6,0.00390625,0.000244140625,15,0.8410923832259808,0.9861111111111112
102,8,6,0.00390625,0.000244140625,16,0.8711843848970149,1.0
103,8,6,0.00390625,0.000244140625,17,0.8908239156169159,1.0
104,8,6,0.00390625,0.000244140625,18,0.8527192111556214,0.9791666666666666
105,8,7,0.00390625,0.00048828125,4,0.8316379603167032,1.0
106,8,7,0.00390625,0.00048828125,5,0.7663223211818017,0.9652777777777778
107,8,7,0.00390625,0.00048828125,6,0.7718059968126229,0.9652777777777778
108,8,7,0.00390625,0.00048828125,7,0.7694219178648015,0.9513888888888888
109,8,7,0.00390625,0.00048828125,8,0.7757400741643855,0.9722222222222222
110,8,7,0.00390625,0.00048828125,9,0.7891787797989432,0.9861111111111112
111,8,7,0.00390625,0.00048828125,10,0.7703606670995704,0.9814814814814815
112,8,7,0.00390625,0.00048828125,11,0.6388097432923292,0.6180555555555556
113,8,7,0.00390625,0.00048828125,12,0.7577847008536776,0.85
114,8,7,0.00390625,0.00048828125,13,0.7920360960899681,0.9027777777777778
115,8,7,0.00390625,0.00048828125,14,0.8401483278046269,0.9583333333333334
116,8,7,0.00390625,0.00048828125,15,0.8367318589252737,0.9791666666666666
117,8,7,0.00390625,0.00048828125,16,0.8660030098155926,1.0
118,8,7,0.00390625,0.00048828125,17,0.8850277240398201,1.0
119,8,7,0.00390625,0.00048828125,18,0.8445591227574203,0.9722222222222222
120,8,8,0.00390625,0.0009765625,4,0.8254463114978875,1.0
121,8,8,0.00390625,0.0009765625,5,0.752921643566901,0.9513888888888888
122,8,8,0.00390625,0.0009765625,6,0.7585960653446738,0.9375
123,8,8,0.00390625,0.0009765625,7,0.7574286368283187,0.9513888888888888
124,8,8,0.00390625,0.0009765625,8,0.7637897588673483,0.9652777777777778
125,8,8,0.00390625,0.0009765625,9,0.7797633722822881,0.9861111111111112
126,8,8,0.00390625,0.0009765625,10,0.7601378286334934,0.9629629629629629
127,8,8,0.00390625,0.0009765625,11,0.6376564207441776,0.6180555555555556
128,8,8,0.00390625,0.0009765625,12,0.75488387351684,0.8416666666666667
129,8,8,0.00390625,0.0009765625,13,0.7884943259758075,0.8958333333333334
130,8,8,0.00390625,0.0009765625,14,0.8357866074237181,0.9513888888888888
131,8,8,0.00390625,0.0009765625,15,0.8324520517093825,0.9722222222222222
132,8,8,0.00390625,0.0009765625,16,0.8619531457065205,1.0
133,8,8,0.00390625,0.0009765625,17,0.8800186919638147,1.0
134,8,8,0.00390625,0.0009765625,18,0.8381287531377899,0.9652777777777778
135,8,9,0.00390625,0.001953125,4,0.8165559846413999,0.9907407407407407
136,8,9,0.00390625,0.001953125,5,0.7370423465884631,0.9375
137,8,9,0.00390625,0.001953125,6,0.7445105517329212,0.8958333333333334
138,8,9,0.00390625,0.001953125,7,0.745095148027165,0.9513888888888888
139,8,9,0.00390625,0.001953125,8,0.7531437396505821,0.9513888888888888
140,8,9,0.00390625,0.001953125,9,0.7708108285797064,0.9722222222222222
141,8,9,0.00390625,0.001953125,10,0.7518839133481279,0.9537037037037037
142,8,9,0.00390625,0.001953125,11,0.6367067549830592,0.6180555555555556
143,8,9,0.00390625,0.001953125,12,0.753282168556411,0.85
144,8,9,0.00390625,0.001953125,13,0.7867872892788718,0.8958333333333334
145,8,9,0.00390625,0.001953125,14,0.8338862635477138,0.9513888888888888
146,8,9,0.00390625,0.001953125,15,0.8301318859510833,0.9722222222222222
147,8,9,0.00390625,0.001953125,16,0.8601371936838796,1.0
148,8,9,0.00390625,0.001953125,17,0.8767046223129493,0.9927536231884058
149,8,9,0.00390625,0.001953125,18,0.8347900465196568,0.9513888888888888
150,8,10,0.00390625,0.00390625,4,0.805260380443825,0.9722222222222222
151,8,10,0.00390625,0.00390625,5,0.7199377928764693,0.9166666666666666
152,8,10,0.00390625,0.00390625,6,0.7321142877795409,0.8958333333333334
153,8,10,0.00390625,0.00390625,7,0.7357687137934951,0.9513888888888888
154,8,10,0.00390625,0.00390625,8,0.7465052586991339,0.9305555555555556
155,8,10,0.00390625,0.00390625,9,0.7649389737562498,0.9513888888888888
156,8,10,0.00390625,0.00390625,10,0.7477775313337138,0.9537037037037037
157,8,10,0.00390625,0.00390625,11,0.6365374683312476,0.5972222222222222
158,8,10,0.00390625,0.00390625,12,0.7529111959866381,0.8583333333333333
159,8,10,0.00390625,0.00390625,13,0.787143262025417,0.8958333333333334
160,8,10,0.00390625,0.00390625,14,0.8339908204409618,0.9444444444444444
161,8,10,0.00390625,0.00390625,15,0.8293698482050357,0.9722222222222222
162,8,10,0.00390625,0.00390625,16,0.8595585903281597,1.0
163,8,10,0.00390625,0.00390625,17,0.8748012522580191,0.9927536231884058
164,8,10,0.00390625,0.00390625,18,0.833433890766409,0.9513888888888888
165,8,11,0.00390625,0.0078125,4,0.7924595191381043,0.9629629629629629
166,8,11,0.00390625,0.0078125,5,0.7051282570936765,0.8680555555555556
167,8,11,0.00390625,0.0078125,6,0.724880301251889,0.8819444444444444
168,8,11,0.00390625,0.0078125,7,0.7323541585634085,0.9513888888888888
169,8,11,0.00390625,0.0078125,8,0.7446981460777874,0.9305555555555556
170,8,11,0.00390625,0.0078125,9,0.762821006284772,0.9444444444444444
171,8,11,0.00390625,0.0078125,10,0.7475042324428325,0.9444444444444444
172,8,11,0.00390625,0.0078125,11,0.637082445590794,0.5972222222222222
173,8,11,0.00390625,0.0078125,12,0.7525626369416075,0.8583333333333333
174,8,11,0.00390625,0.0078125,13,0.7877844664376651,0.8958333333333334
175,8,11,0.00390625,0.0078125,14,0.8341677628756899,0.9444444444444444
176,8,11,0.00390625,0.0078125,15,0.8292920138732491,0.9652777777777778
177,8,11,0.00390625,0.0078125,16,0.8591111610251343,1.0
178,8,11,0.00390625,0.0078125,17,0.8738033551039481,0.9927536231884058
179,8,11,0.00390625,0.0078125,18,0.8327905437078559,0.9513888888888888
180,8,12,0.00390625,0.015625,4,0.7790264129759983,0.9444444444444444
181,8,12,0.00390625,0.015625,5,0.6964255401977791,0.8472222222222222
182,8,12,0.00390625,0.015625,6,0.7234294594882986,0.8541666666666666
183,8,12,0.00390625,0.015625,7,0.732817464142007,0.9513888888888888
184,8,12,0.00390625,0.015625,8,0.7441449588553533,0.9444444444444444
185,8,12,0.00390625,0.015625,9,0.7619408094621648,0.9444444444444444
186,8,12,0.00390625,0.015625,10,0.7483863774099655,0.9351851851851852
187,8,12,0.00390625,0.015625,11,0.637730472207808,0.6041666666666666
188,8,12,0.00390625,0.015625,12,0.7523134062092168,0.8583333333333333
189,8,12,0.00390625,0.015625,13,0.7878941151129704,0.8958333333333334
190,8,12,0.00390625,0.015625,14,0.8345082430152421,0.9444444444444444
191,8,12,0.00390625,0.015625,15,0.8297228953650737,0.9652777777777778
192,8,12,0.00390625,0.015625,16,0.8586064104579861,1.0
193,8,12,0.00390625,0.015625,17,0.8732838893782657,0.9927536231884058
194,8,12,0.00390625,0.015625,18,0.8323803892849223,0.9513888888888888
195,8,13,0.00390625,0.03125,4,0.7658589621100146,0.9166666666666666
196,8,13,0.00390625,0.03125,5,0.6945482801173499,0.8333333333333334
197,8,13,0.00390625,0.03125,6,0.723446540869679,0.8611111111111112
198,8,13,0.00390625,0.03125,7,0.7332589124366224,0.9513888888888888
199,8,13,0.00390625,0.03125,8,0.7427786248382281,0.9444444444444444
200,8,13,0.00390625,0.03125,9,0.7620387890081374,0.9444444444444444
201,8,13,0.00390625,0.03125,10,0.7486726714344903,0.9351851851851852
202,8,13,0.00390625,0.03125,11,0.6378274167455207,0.6041666666666666
203,8,13,0.00390625,0.03125,12,0.752473557548401,0.85
204,8,13,0.00390625,0.03125,13,0.7876224875012753,0.8958333333333334
205,8,13,0.00390625,0.03125,14,0.8347693671537648,0.9444444444444444
206,8,13,0.00390625,0.03125,15,0.8301966578082068,0.9652777777777778
207,8,13,0.00390625,0.03125,16,0.8579787516003684,1.0
208,8,13,0.00390625,0.03125,17,0.8734159240257104,1.0
209,8,13,0.00390625,0.03125,18,0.8317248450938327,0.9513888888888888
210,8,14,0.00390625,0.0625,4,0.7554823666918772,0.9074074074074074
211,8,14,0.00390625,0.0625,5,0.6955548364524122,0.8402777777777778
212,8,14,0.00390625,0.0625,6,0.7224855087928239,0.8611111111111112
213,8,14,0.00390625,0.0625,7,0.7330547103307506,0.9513888888888888
214,8,14,0.00390625,0.0625,8,0.7410534641440405,0.9305555555555556
215,8,14,0.00390625,0.0625,9,0.7626772996797879,0.9444444444444444
216,8,14,0.00390625,0.0625,10,0.7481226243271308,0.9444444444444444
217,8,14,0.00390625,0.0625,11,0.6373266383810017,0.5972222222222222
218,8,14,0.00390625,0.0625,12,0.7522315106380432,0.8583333333333333
219,8,14,0.00390625,0.0625,13,0.7870994569715108,0.8958333333333334
220,8,14,0.00390625,0.0625,14,0.8347755333295205,0.9513888888888888
221,8,14,0.00390625,0.0625,15,0.8299688302328724,0.9652777777777778
222,8,14,0.00390625,0.0625,16,0.8571793086408661,1.0
223,8,14,0.00390625,0.0625,17,0.8735680227617377,1.0
224,8,14,0.00390625,0.0625,18,0.8307065912580669,0.9652777777777778
225,8,15,0.00390625,0.125,4,0.7479742401009526,0.9074074074074074
226,8,15,0.00390625,0.125,5,0.6961455947793409,0.8263888888888888
227,8,15,0.00390625,0.125,6,0.7215733113957339,0.8819444444444444
228,8,15,0.00390625,0.125,7,0.7319293613886776,0.9305555555555556
229,8,15,0.00390625,0.125,8,0.7394274048368974,0.9375
230,8,15,0.00390625,0.125,9,0.7627408858047656,0.9375
231,8,15,0.00390625,0.125,10,0.7472639026873054,0.9351851851851852
232,8,15,0.00390625,0.125,11,0.636262568297671,0.6041666666666666
233,8,15,0.00390625,0.125,12,0.7513769231690234,0.8583333333333333
234,8,15,0.00390625,0.125,13,0.7859861011914885,0.9027777777777778
235,8,15,0.00390625,0.125,14,0.8340917133747033,0.9583333333333334
236,8,15,0.00390625,0.125,15,0.828720327913157,0.9652777777777778
237,8,15,0.00390625,0.125,16,0.856303317535545,1.0
238,8,15,0.00390625,0.125,17,0.8734419426180011,1.0
239,8,15,0.00390625,0.125,18,0.8294873948320336,0.9652777777777778
240,8,16,0.00390625,0.25,4,0.7413253913276727,0.8888888888888888
241,8,16,0.00390625,0.25,5,0.6943721617109053,0.8333333333333334
242,8,16,0.00390625,0.25,6,0.7202952196226778,0.8680555555555556
243,8,16,0.00390625,0.25,7,0.7298754651126769,0.9166666666666666
244,8,16,0.00390625,0.25,8,0.737997346050798,0.9236111111111112
245,8,16,0.00390625,0.25,9,0.7618049039326987,0.9444444444444444
246,8,16,0.00390625,0.25,10,0.7461407060127762,0.9351851851851852
247,8,16,0.00390625,0.25,11,0.6350072952596075,0.6180555555555556
248,8,16,0.00390625,0.25,12,0.7497095101830678,0.8583333333333333
249,8,16,0.00390625,0.25,13,0.7847829586550126,0.8888888888888888
250,8,16,0.00390625,0.25,14,0.8327777817495498,0.9513888888888888
251,8,16,0.00390625,0.25,15,0.8266656456916355,0.9722222222222222
252,8,16,0.00390625,0.25,16,0.8553583252846971,0.9907407407407407
253,8,16,0.00390625,0.25,17,0.873032635210922,1.0
254,8,16,0.00390625,0.25,18,0.8280647750430131,0.9722222222222222
255,8,17,0.00390625,0.5,4,0.7348673497934535,0.8611111111111112
256,8,17,0.00390625,0.5,5,0.6897182974062622,0.7847222222222222
257,8,17,0.00390625,0.5,6,0.7183091755845533,0.8541666666666666
258,8,17,0.00390625,0.5,7,0.7266372740696886,0.9027777777777778
259,8,17,0.00390625,0.5,8,0.7364675767438329,0.9097222222222222
260,8,17,0.00390625,0.5,9,0.759573992587997,0.9305555555555556
261,8,17,0.00390625,0.5,10,0.7432464811865359,0.9351851851851852
262,8,17,0.00390625,0.5,11,0.6344125637190562,0.6319444444444444
263,8,17,0.00390625,0.5,12,0.7471723758096767,0.8416666666666667
264,8,17,0.00390625,0.5,13,0.783751771361199,0.875
265,8,17,0.00390625,0.5,14,0.8305941512482485,0.9513888888888888
266,8,17,0.00390625,0.5,15,0.8228989685149319,0.9722222222222222
267,8,17,0.00390625,0.5,16,0.8531858673435009,0.9907407407407407
268,8,17,0.00390625,0.5,17,0.8713687397616515,0.9927536231884058
269,8,17,0.00390625,0.5,18,0.8247883978394537,0.9722222222222222
270,8,18,0.00390625,1.0,4,0.7243397677774507,0.8148148148148148
271,8,18,0.00390625,1.0,5,0.6821089043355015,0.7638888888888888
272,8,18,0.00390625,1.0,6,0.7135615411622568,0.8541666666666666
273,8,18,0.00390625,1.0,7,0.7181715779582198,0.8888888888888888
274,8,18,0.00390625,1.0,8,0.7330133662702923,0.9027777777777778
275,8,18,0.00390625,1.0,9,0.7520462490932476,0.9097222222222222
276,8,18,0.00390625,1.0,10,0.7329472762560859,0.9166666666666666
277,8,18,0.00390625,1.0,11,0.629216934770001,0.5833333333333334
278,8,18,0.00390625,1.0,12,0.7393622202799295,0.825
279,8,18,0.00390625,1.0,13,0.7758529855230191,0.8819444444444444
280,8,18,0.00390625,1.0,14,0.7948905637850667,0.9097222222222222
281,8,18,0.00390625,1.0,15,0.8159351380568443,0.9652777777777778
282,8,18,0.00390625,1.0,16,0.8446471552750388,1.0
283,8,18,0.00390625,1.0,17,0.8649906896156692,0.9927536231884058
284,8,18,0.00390625,1.0,18,0.8120443582835326,0.9375
285,8,19,0.0078125,3.814697265625e-06,4,0.8548779133246595,1.0
286,8,19,0.0078125,3.814697265625e-06,5,0.8054705833487931,0.9861111111111112
287,8,19,0.0078125,3.814697265625e-06,6,0.8055592797078351,0.9861111111111112
288,8,19,0.0078125,3.814697265625e-06,7,0.801222803170855,0.9722222222222222
289,8,19,0.0078125,3.814697265625e-06,8,0.8093646359394577,0.9930555555555556
290,8,19,0.0078125,3.814697265625e-06,9,0.8184398290534131,0.9722222222222222
291,8,19,0.0078125,3.814697265625e-06,10,0.800385040996839,0.9722222222222222
292,8,19,0.0078125,3.814697265625e-06,11,0.6729995421385184,0.6597222222222222
293,8,19,0.0078125,3.814697265625e-06,12,0.7909291315956466,0.8833333333333333
294,8,19,0.0078125,3.814697265625e-06,13,0.8169146458978109,0.9097222222222222
295,8,19,0.0078125,3.814697265625e-06,14,0.8478480046612714,0.9722222222222222
296,8,19,0.0078125,3.814697265625e-06,15,0.8385317778478447,0.9791666666666666
297,8,19,0.0078125,3.814697265625e-06,16,0.8850834437681093,1.0
298,8,19,0.0078125,3.814697265625e-06,17,0.9060875091987375,0.9927536231884058
299,8,19,0.0078125,3.814697265625e-06,18,0.8811235419645963,1.0
300,8,20,0.0078125,7.62939453125e-06,4,0.8548165231694832,1.0
301,8,20,0.0078125,7.62939453125e-06,5,0.8051779435080391,0.9861111111111112
302,8,20,0.0078125,7.62939453125e-06,6,0.8051534570650658,0.9861111111111112
303,8,20,0.0078125,7.62939453125e-06,7,0.80076823190062,0.9722222222222222
304,8,20,0.0078125,7.62939453125e-06,8,0.8087297310721038,0.9930555555555556
305,8,20,0.0078125,7.62939453125e-06,9,0.8179084727775582,0.9722222222222222
306,8,20,0.0078125,7.62939453125e-06,10,0.7998166242252556,0.9722222222222222
307,8,20,0.0078125,7.62939453125e-06,11,0.672827508317817,0.6597222222222222
308,8,20,0.0078125,7.62939453125e-06,12,0.7904757845332311,0.8833333333333333
309,8,20,0.0078125,7.62939453125e-06,13,0.816395061728395,0.9027777777777778
310,8,20,0.0078125,7.62939453125e-06,14,0.8478854485401355,0.9722222222222222
311,8,20,0.0078125,7.62939453125e-06,15,0.8386871762533219,0.9791666666666666
312,8,20,0.0078125,7.62939453125e-06,16,0.8846087015116461,1.0
313,8,20,0.0078125,7.62939453125e-06,17,0.9056137378167295,0.9927536231884058
314,8,20,0.0078125,7.62939453125e-06,18,0.8798170016657354,1.0
315,8,21,0.0078125,1.52587890625e-05,4,0.8546877513274699,1.0
316,8,21,0.0078125,1.52587890625e-05,5,0.8045991223922704,0.9861111111111112
317,8,21,0.0078125,1.52587890625e-05,6,0.8043548487028476,0.9861111111111112
318,8,21,0.0078125,1.52587890625e-05,7,0.7999002653852906,0.9722222222222222
319,8,21,0.0078125,1.52587890625e-05,8,0.8075394367292699,0.9861111111111112
320,8,21,0.0078125,1.52587890625e-05,9,0.8168883962926738,0.9722222222222222
321,8,21,0.0078125,1.52587890625e-05,10,0.7987165300105366,0.9722222222222222
322,8,21,0.0078125,1.52587890625e-05,11,0.6725081651964225,0.6597222222222222
323,8,21,0.0078125,1.52587890625e-05,12,0.7895632475664804,0.8833333333333333
324,8,21,0.0078125,1.52587890625e-05,13,0.8153799272183111,0.9027777777777778
325,8,21,0.0078125,1.52587890625e-05,14,0.8479079684863738,0.9722222222222222
326,8,21,0.0078125,1.52587890625e-05,15,0.8388921219764875,0.9791666666666666
327,8,21,0.0078125,1.52587890625e-05,16,0.8836779048089666,1.0
328,8,21,0.0078125,1.52587890625e-05,17,0.9046621822349971,0.9927536231884058
329,8,21,0.0078125,1.52587890625e-05,18,0.8774715344251145,1.0
330,8,22,0.0078125,3.0517578125e-05,4,0.8544173028060186,1.0
331,8,22,0.0078125,3.0517578125e-05,5,0.8034948412762928,0.9861111111111112
332,8,22,0.0078125,3.0517578125e-05,6,0.8028385211396079,0.9861111111111112
333,8,22,0.0078125,3.0517578125e-05,7,0.7982855800441275,0.9722222222222222
334,8,22,0.0078125,3.0517578125e-05,8,0.8053142708808732,0.9861111111111112
335,8,22,0.0078125,3.0517578125e-05,9,0.8150272755528767,0.9861111111111112
336,8,22,0.0078125,3.0517578125e-05,10,0.7966523091831075,0.9722222222222222
337,8,22,0.0078125,3.0517578125e-05,11,0.6719346784286194,0.6597222222222222
338,8,22,0.0078125,3.0517578125e-05,12,0.7880410435698807,0.8833333333333333
339,8,22,0.0078125,3.0517578125e-05,13,0.8136476776746138,0.9027777777777778
340,8,22,0.0078125,3.0517578125e-05,14,0.8477127062541108,0.9722222222222222
341,8,22,0.0078125,3.0517578125e-05,15,0.8390149993243547,0.9791666666666666
342,8,22,0.0078125,3.0517578125e-05,16,0.8819907908627389,1.0
343,8,22,0.0078125,3.0517578125e-05,17,0.9028961541025561,0.9927536231884058
344,8,22,0.0078125,3.0517578125e-05,18,0.8736108318806168,1.0
345,8,23,0.0078125,6.103515625e-05,4,0.853882212939957,1.0
346,8,23,0.0078125,6.103515625e-05,5,0.8013635145822167,0.9861111111111112
347,8,23,0.0078125,6.103515625e-05,6,0.8000626030476282,0.9791666666666666
348,8,23,0.0078125,6.103515625e-05,7,0.795407689977661,0.9722222222222222
349,8,23,0.0078125,6.103515625e-05,8,0.8013358304696234,0.9861111111111112
350,8,23,0.0078125,6.103515625e-05,9,0.8117780540045398,0.9861111111111112
351,8,23,0.0078125,6.103515625e-05,10,0.7929823069651109,0.9722222222222222
352,8,23,0.0078125,6.103515625e-05,11,0.6709666371600378,0.6597222222222222
353,8,23,0.0078125,6.103515625e-05,12,0.7853103291387794,0.8916666666666667
354,8,23,0.0078125,6.103515625e-05,13,0.8107695133149679,0.9097222222222222
355,8,23,0.0078125,6.103515625e-05,14,0.8470162858531842,0.9722222222222222
356,8,23,0.0078125,6.103515625e-05,15,0.838785370028377,0.9791666666666666
357,8,23,0.0078125,6.103515625e-05,16,0.8790377574627705,1.0
358,8,23,0.0078125,6.103515625e-05,17,0.9000408401286949,1.0
359,8,23,0.0078125,6.103515625e-05,18,0.8679804080974488,1.0
360,8,24,0.0078125,0.0001220703125,4,0.8528473371559306,1.0
361,8,24,0.0078125,0.0001220703125,5,0.7975579494810987,0.9861111111111112
362,8,24,0.0078125,0.0001220703125,6,0.7951935058050881,0.9722222222222222
363,8,24,0.0078125,0.0001220703125,7,0.7907067389276508,0.9652777777777778
364,8,24,0.0078125,0.0001220703125,8,0.7950505065650568,0.9861111111111112
365,8,24,0.0078125,0.0001220703125,9,0.8067672612901556,0.9861111111111112
366,8,24,0.0078125,0.0001220703125,10,0.7870986398827872,0.9722222222222222
367,8,24,0.0078125,0.0001220703125,11,0.669626507127377,0.6597222222222222
368,8,24,0.0078125,0.0001220703125,12,0.7813280013409801,0.8916666666666667
369,8,24,0.0078125,0.0001220703125,13,0.80657719733814,0.9027777777777778
370,8,24,0.0078125,0.0001220703125,14,0.845452668792359,0.9722222222222222
371,8,24,0.0078125,0.0001220703125,15,0.8376674924552949,0.9791666666666666
372,8,24,0.0078125,0.0001220703125,16,0.8746534893645697,1.0
373,8,24,0.0078125,0.0001220703125,17,0.8957280966493619,1.0
374,8,24,0.0078125,0.0001220703125,18,0.860682388219224,0.9861111111111112
375,8,25,0.0078125,0.000244140625,4,0.850845981226227,1.0
376,8,25,0.0078125,0.000244140625,5,0.7912280205542742,0.9861111111111112
377,8,25,0.0078125,0.000244140625,6,0.7875682824993718,0.9652777777777778
378,8,25,0.0078125,0.000244140625,7,0.7836822897484175,0.9583333333333334
379,8,25,0.0078125,0.000244140625,8,0.7863284130939406,0.9861111111111112
380,8,25,0.0078125,0.000244140625,9,0.800001373774305,0.9930555555555556
381,8,25,0.0078125,0.000244140625,10,0.778822263872606,0.9722222222222222
382,8,25,0.0078125,0.000244140625,11,0.6681912029547327,0.6597222222222222
383,8,25,0.0078125,0.000244140625,12,0.7763020078782582,0.8916666666666667
384,8,25,0.0078125,0.000244140625,13,0.8014471085716878,0.9027777777777778
385,8,25,0.0078125,0.000244140625,14,0.8423910284823701,0.9652777777777778
386,8,25,0.0078125,0.000244140625,15,0.8352237286608711,0.9861111111111112
387,8,25,0.0078125,0.000244140625,16,0.869203836391815,1.0
388,8,25,0.0078125,0.000244140625,17,0.8899611598078766,1.0
389,8,25,0.0078125,0.000244140625,18,0.8520548808944839,0.9791666666666666
390,8,26,0.0078125,0.00048828125,4,0.8473064608529453,1.0
391,8,26,0.0078125,0.00048828125,5,0.7816178974428756,0.9861111111111112
392,8,26,0.0078125,0.00048828125,6,0.7770367718684708,0.9513888888888888
393,8,26,0.0078125,0.00048828125,7,0.7742218290588287,0.9513888888888888
394,8,26,0.0078125,0.00048828125,8,0.7755787474146956,0.9861111111111112
395,8,26,0.0078125,0.00048828125,9,0.7919298119082191,0.9861111111111112
396,8,26,0.0078125,0.00048828125,10,0.7688010906286236,0.9629629629629629
397,8,26,0.0078125,0.00048828125,11,0.666783492567382,0.6666666666666666
398,8,26,0.0078125,0.00048828125,12,0.7709484321308414,0.8916666666666667
399,8,26,0.0078125,0.00048828125,13,0.7961948554002426,0.8888888888888888
400,8,26,0.0078125,0.00048828125,14,0.8377271654894336,0.9652777777777778
401,8,26,0.0078125,0.00048828125,15,0.8317014548894195,0.9722222222222222
402,8,26,0.0078125,0.00048828125,16,0.8635779070550976,1.0
403,8,26,0.0078125,0.00048828125,17,0.8836106816029782,1.0
404,8,26,0.0078125,0.00048828125,18,0.8432141304814094,0.9722222222222222
405,8,27,0.0078125,0.0009765625,4,0.8414640722412798,1.0
406,8,27,0.0078125,0.0009765625,5,0.768984541979675,0.9722222222222222
407,8,27,0.0078125,0.0009765625,6,0.7640619783079364,0.9444444444444444
408,8,27,0.0078125,0.0009765625,7,0.7627403870976623,0.9513888888888888
409,8,27,0.0078125,0.0009765625,8,0.764194458006783,0.9861111111111112
410,8,27,0.0078125,0.0009765625,9,0.7828907204244178,0.9861111111111112
411,8,27,0.0078125,0.0009765625,10,0.7583502758056683,0.9629629629629629
412,8,27,0.0078125,0.0009765625,11,0.6653824364335643,0.6736111111111112
413,8,27,0.0078125,0.0009765625,12,0.7662407298763185,0.8916666666666667
414,8,27,0.0078125,0.0009765625,13,0.7916647054155471,0.8958333333333334
415,8,27,0.0078125,0.0009765625,14,0.8333367589865309,0.9652777777777778
416,8,27,0.0078125,0.0009765625,15,0.8280554029097789,0.9722222222222222
417,8,27,0.0078125,0.0009765625,16,0.859128591001999,1.0
418,8,27,0.0078125,0.0009765625,17,0.8779073026162926,0.9927536231884058
419,8,27,0.0078125,0.0009765625,18,0.8362416086570698,0.9652777777777778
420,8,28,0.0078125,0.001953125,4,0.8328635511623802,1.0
421,8,28,0.0078125,0.001953125,5,0.7538690038063224,0.9583333333333334
422,8,28,0.0078125,0.001953125,6,0.7502138829895257,0.9166666666666666
423,8,28,0.0078125,0.001953125,7,0.7509200281563123,0.9444444444444444
424,8,28,0.0078125,0.001953125,8,0.7541397671609397,0.9583333333333334
425,8,28,0.0078125,0.001953125,9,0.7744191449187156,0.9791666666666666
426,8,28,0.0078125,0.001953125,10,0.7498119917007622,0.9537037037037037
427,8,28,0.0078125,0.001953125,11,0.6643145813619852,0.6875
428,8,28,0.0078125,0.001953125,12,0.7633669137103243,0.8916666666666667
429,8,28,0.0078125,0.001953125,13,0.7891891303608476,0.8958333333333334
430,8,28,0.0078125,0.001953125,14,0.8314326617861534,0.9583333333333334
431,8,28,0.0078125,0.001953125,15,0.8260599972974191,0.9722222222222222
432,8,28,0.0078125,0.001953125,16,0.857084791446733,1.0
433,8,28,0.0078125,0.001953125,17,0.8742445061612931,0.9927536231884058
434,8,28,0.0078125,0.001953125,18,0.8326452117727137,0.9583333333333334
435,8,29,0.0078125,0.00390625,4,0.8218884478199813,1.0
436,8,29,0.0078125,0.00390625,5,0.7374355618874245,0.9305555555555556
437,8,29,0.0078125,0.00390625,6,0.7379417925038121,0.8888888888888888
438,8,29,0.0078125,0.00390625,7,0.7420435183687237,0.9444444444444444
439,8,29,0.0078125,0.00390625,8,0.747924915353827,0.9375
440,8,29,0.0078125,0.00390625,9,0.768887937059549,0.9722222222222222
441,8,29,0.0078125,0.00390625,10,0.7454246099755298,0.9351851851851852
442,8,29,0.0078125,0.00390625,11,0.664100973718751,0.6805555555555556
443,8,29,0.0078125,0.00390625,12,0.7627991044168532,0.8666666666666667
444,8,29,0.0078125,0.00390625,13,0.7894747248013241,0.8958333333333334
445,8,29,0.0078125,0.00390625,14,0.8315094262060682,0.9513888888888888
446,8,29,0.0078125,0.00390625,15,0.8255210125670015,0.9722222222222222
447,8,29,0.0078125,0.00390625,16,0.8566226275240898,1.0
448,8,29,0.0078125,0.00390625,17,0.872600157017674,0.9927536231884058
449,8,29,0.0078125,0.00390625,18,0.8312333419988102,0.9513888888888888
450,8,30,0.0078125,0.0078125,4,0.809575112836672,0.9907407407407407
451,8,30,0.0078125,0.0078125,5,0.7233811883360084,0.9097222222222222
452,8,30,0.0078125,0.0078125,6,0.7306521301386131,0.875
453,8,30,0.0078125,0.0078125,7,0.7388948647429961,0.9375
454,8,30,0.0078125,0.0078125,8,0.7463532095261033,0.9444444444444444
455,8,30,0.0078125,0.0078125,9,0.7668479312798842,0.9583333333333334
456,8,30,0.0078125,0.0078125,10,0.7449741922261025,0.9351851851851852
457,8,30,0.0078125,0.0078125,11,0.6645046244009646,0.6805555555555556
458,8,30,0.0078125,0.0078125,12,0.7627659630512087,0.8666666666666667
459,8,30,0.0078125,0.0078125,13,0.7903256130326837,0.8958333333333334
460,8,30,0.0078125,0.0078125,14,0.8316541972890275,0.9513888888888888
461,8,30,0.0078125,0.0078125,15,0.8257541552182334,0.9722222222222222
462,8,30,0.0078125,0.0078125,16,0.8563543496327575,1.0
463,8,30,0.0078125,0.0078125,17,0.8719151301997542,0.9927536231884058
464,8,30,0.0078125,0.0078125,18,0.8303979417855671,0.9513888888888888
465,8,31,0.0078125,0.015625,4,0.7970028515081837,0.9814814814814815
466,8,31,0.0078125,0.015625,5,0.7150933340697583,0.8888888888888888
467,8,31,0.0078125,0.015625,6,0.7292237910512493,0.8680555555555556
468,8,31,0.0078125,0.015625,7,0.739449557863287,0.9305555555555556
469,8,31,0.0078125,0.015625,8,0.7458707286833618,0.9444444444444444
470,8,31,0.0078125,0.015625,9,0.7659002723262244,0.9513888888888888
471,8,31,0.0078125,0.015625,10,0.7459542017799322,0.9351851851851852
472,8,31,0.0078125,0.015625,11,0.6648139556179604,0.6875
473,8,31,0.0078125,0.015625,12,0.7626387615090815,0.8666666666666667
474,8,31,0.0078125,0.015625,13,0.7904900406987948,0.8888888888888888
475,8,31,0.0078125,0.015625,14,0.8320181803883439,0.9513888888888888
476,8,31,0.0078125,0.015625,15,0.8265942975541641,0.9722222222222222
477,8,31,0.0078125,0.015625,16,0.8560337818108309,0.9907407407407407
478,8,31,0.0078125,0.015625,17,0.8717761054827388,0.9927536231884058
479,8,31,0.0078125,0.015625,18,0.8297997654636124,0.9513888888888888
480,8,32,0.0078125,0.03125,4,0.7849908444787344,0.9629629629629629
481,8,32,0.0078125,0.03125,5,0.7131858746267673,0.8819444444444444
482,8,32,0.0078125,0.03125,6,0.7293828157000698,0.8611111111111112
483,8,32,0.0078125,0.03125,7,0.7400361763865608,0.9444444444444444
484,8,32,0.0078125,0.03125,8,0.7441112222129551,0.9444444444444444
485,8,32,0.0078125,0.03125,9,0.7658856514425487,0.9513888888888888
486,8,32,0.0078125,0.03125,10,0.7466985341569466,0.9351851851851852
487,8,32,0.0078125,0.03125,11,0.6643528585818504,0.6875
488,8,32,0.0078125,0.03125,12,0.7628168245112007,0.875
489,8,32,0.0078125,0.03125,13,0.7902504279608656,0.8958333333333334
490,8,32,0.0078125,0.03125,14,0.8323087949326547,0.9583333333333334
491,8,32,0.0078125,0.03125,15,0.8274154317373092,0.9652777777777778
492,8,32,0.0078125,0.03125,16,0.8556555333438153,0.9907407407407407
493,8,32,0.0078125,0.03125,17,0.8721899434904653,0.9927536231884058
494,8,32,0.0078125,0.03125,18,0.8290103629112076,0.9513888888888888
495,8,33,0.0078125,0.0625,4,0.7753947151925425,0.9537037037037037
496,8,33,0.0078125,0.0625,5,0.7139384534318479,0.8819444444444444
497,8,33,0.0078125,0.0625,6,0.7286727121275226,0.875
498,8,33,0.0078125,0.0625,7,0.7399806296274624,0.9305555555555556
499,8,33,0.0078125,0.0625,8,0.7418161465444776,0.9236111111111112
500,8,33,0.0078125,0.0625,9,0.7664780916116114,0.9513888888888888
501,8,33,0.0078125,0.0625,10,0.7465325654439343,0.9166666666666666
502,8,33,0.0078125,0.0625,11,0.6632685815451299,0.6875
503,8,33,0.0078125,0.0625,12,0.7626397193520191,0.875
504,8,33,0.0078125,0.0625,13,0.7897590495300933,0.8958333333333334
505,8,33,0.0078125,0.0625,14,0.8323887764877462,0.9583333333333334
506,8,33,0.0078125,0.0625,15,0.8273446241160308,0.9652777777777778
507,8,33,0.0078125,0.0625,16,0.854993373913434,0.9907407407407407
508,8,33,0.0078125,0.0625,17,0.8724937526253213,0.9927536231884058
509,8,33,0.0078125,0.0625,18,0.8278863661382793,0.9652777777777778
510,8,34,0.0078125,0.125,4,0.7685867682093017,0.9537037037037037
511,8,34,0.0078125,0.125,5,0.7144468093683054,0.8541666666666666
512,8,34,0.0078125,0.125,6,0.7277496291145906,0.8819444444444444
513,8,34,0.0078125,0.125,7,0.7391376613050348,0.9305555555555556
514,8,34,0.0078125,0.125,8,0.7400693381714177,0.9236111111111112
515,8,34,0.0078125,0.125,9,0.7665512941567246,0.9513888888888888
516,8,34,0.0078125,0.125,10,0.7457149148437716,0.9259259259259259
517,8,34,0.0078125,0.125,11,0.6616222337535484,0.6875
518,8,34,0.0078125,0.125,12,0.7617903042348632,0.8916666666666667
519,8,34,0.0078125,0.125,13,0.7888642655511341,0.8958333333333334
520,8,34,0.0078125,0.125,14,0.831800755669307,0.9583333333333334
521,8,34,0.0078125,0.125,15,0.8261488221251295,0.9652777777777778
522,8,34,0.0078125,0.125,16,0.8540990543788325,0.9907407407407407
523,8,34,0.0078125,0.125,17,0.872361976869342,0.9927536231884058
524,8,34,0.0078125,0.125,18,0.8264822487791239,0.9652777777777778
525,8,35,0.0078125,0.25,4,0.7625332011509272,0.9537037037037037
526,8,35,0.0078125,0.25,5,0.712873190961304,0.8402777777777778
527,8,35,0.0078125,0.25,6,0.7267708272379622,0.8819444444444444
528,8,35,0.0078125,0.25,7,0.737210735196423,0.9166666666666666
529,8,35,0.0078125,0.25,8,0.7386869792491535,0.9305555555555556
530,8,35,0.0078125,0.25,9,0.7656833141127588,0.9375
531,8,35,0.0078125,0.25,10,0.7444328887580463,0.9166666666666666
532,8,35,0.0078125,0.25,11,0.6598065382619578,0.6805555555555556
533,8,35,0.0078125,0.25,12,0.760381796194969,0.8916666666666667
534,8,35,0.0078125,0.25,13,0.7880019499144078,0.8958333333333334
535,8,35,0.0078125,0.25,14,0.8305221231662329,0.9583333333333334
536,8,35,0.0078125,0.25,15,0.8241536867708663,0.9722222222222222
537,8,35,0.0078125,0.25,16,0.8531298039127604,0.9907407407407407
538,8,35,0.0078125,0.25,17,0.8719216024863935,0.9927536231884058
539,8,35,0.0078125,0.25,18,0.8246052341203414,0.9652777777777778
540,8,36,0.0078125,0.5,4,0.7564239589368073,0.9259259259259259
541,8,36,0.0078125,0.5,5,0.7082333573339574,0.8125
542,8,36,0.0078125,0.5,6,0.724886324912829,0.875
543,8,36,0.0078125,0.5,7,0.7338759074214946,0.9097222222222222
544,8,36,0.0078125,0.5,8,0.7366369159460926,0.9166666666666666
545,8,36,0.0078125,0.5,9,0.7632891198792257,0.9305555555555556
546,8,36,0.0078125,0.5,10,0.7411790516841332,0.9351851851851852
547,8,36,0.0078125,0.5,11,0.6585187265345991,0.6805555555555556
548,8,36,0.0078125,0.5,12,0.7577785706588762,0.8833333333333333
549,8,36,0.0078125,0.5,13,0.7867627112879638,0.8958333333333334
550,8,36,0.0078125,0.5,14,0.828272630758672,0.9583333333333334
551,8,36,0.0078125,0.5,15,0.820123327778028,0.9722222222222222
552,8,36,0.0078125,0.5,16,0.8507866400125783,0.9907407407407407
553,8,36,0.0078125,0.5,17,0.870105608301096,0.9927536231884058
554,8,36,0.0078125,0.5,18,0.820859267314114,0.9722222222222222
555,8,37,0.0078125,1.0,4,0.7466164668490858,0.9166666666666666
556,8,37,0.0078125,1.0,5,0.6987877272106725,0.7986111111111112
557,8,37,0.0078125,1.0,6,0.7208432436897849,0.8611111111111112
558,8,37,0.0078125,1.0,7,0.7258019644018849,0.9097222222222222
559,8,37,0.0078125,1.0,8,0.7328394351361509,0.9027777777777778
560,8,37,0.0078125,1.0,9,0.7557716796917644,0.9166666666666666
561,8,37,0.0078125,1.0,10,0.7307199745231207,0.9074074074074074
562,8,37,0.0078125,1.0,11,0.6504268489972834,0.6597222222222222
563,8,37,0.0078125,1.0,12,0.7494625782737275,0.8583333333333333
564,8,37,0.0078125,1.0,13,0.778380346676643,0.8888888888888888
565,8,37,0.0078125,1.0,14,0.793765102662358,0.9097222222222222
566,8,37,0.0078125,1.0,15,0.8126288005044817,0.9583333333333334
567,8,37,0.0078125,1.0,16,0.842564722265897,1.0
568,8,37,0.0078125,1.0,17,0.8624254635289884,0.9927536231884058
569,8,37,0.0078125,1.0,18,0.8070262718999256,0.9375
570,8,38,0.015625,3.814697265625e-06,4,0.8634322535210619,1.0
571,8,38,0.015625,3.814697265625e-06,5,0.8061021865362956,0.9930555555555556
572,8,38,0.015625,3.814697265625e-06,6,0.8048826074535059,0.9791666666666666
573,8,38,0.015625,3.814697265625e-06,7,0.7982252573824267,0.9722222222222222
574,8,38,0.015625,3.814697265625e-06,8,0.8060594289698422,0.9861111111111112
575,8,38,0.015625,3.814697265625e-06,9,0.816125313729574,0.9722222222222222
576,8,38,0.015625,3.814697265625e-06,10,0.7958456482947297,0.9722222222222222
577,8,38,0.015625,3.814697265625e-06,11,0.7002060987149354,0.7361111111111112
578,8,38,0.015625,3.814697265625e-06,12,0.7923597658074018,0.9
579,8,38,0.015625,3.814697265625e-06,13,0.8123960140121756,0.9027777777777778
580,8,38,0.015625,3.814697265625e-06,14,0.8418947853813378,0.9583333333333334
581,8,38,0.015625,3.814697265625e-06,15,0.8268514931759832,0.9722222222222222
582,8,38,0.015625,3.814697265625e-06,16,0.8846405067271625,1.0
583,8,38,0.015625,3.814697265625e-06,17,0.9045269114442325,0.9927536231884058
584,8,38,0.015625,3.814697265625e-06,18,0.8810922222090143,1.0
585,8,39,0.015625,7.62939453125e-06,4,0.8633737208656013,1.0
586,8,39,0.015625,7.62939453125e-06,5,0.805834401038181,0.9930555555555556
587,8,39,0.015625,7.62939453125e-06,6,0.8044905962047494,0.9791666666666666
588,8,39,0.015625,7.62939453125e-06,7,0.7977987821878625,0.9722222222222222
589,8,39,0.015625,7.62939453125e-06,8,0.805437081630492,0.9861111111111112
590,8,39,0.015625,7.62939453125e-06,9,0.8156339440986703,0.9722222222222222
591,8,39,0.015625,7.62939453125e-06,10,0.7953201475509185,0.9722222222222222
592,8,39,0.015625,7.62939453125e-06,11,0.7000507310521656,0.7291666666666666
593,8,39,0.015625,7.62939453125e-06,12,0.7918540247362938,0.9
594,8,39,0.015625,7.62939453125e-06,13,0.8119878923919328,0.8958333333333334
595,8,39,0.015625,7.62939453125e-06,14,0.8422174819125512,0.9583333333333334
596,8,39,0.015625,7.62939453125e-06,15,0.827209675239854,0.9722222222222222
597,8,39,0.015625,7.62939453125e-06,16,0.8841026931111161,1.0
598,8,39,0.015625,7.62939453125e-06,17,0.9040519750506293,0.9927536231884058
599,8,39,0.015625,7.62939453125e-06,18,0.8797543621545719,1.0
600,8,40,0.015625,1.52587890625e-05,4,0.8632602504736766,1.0
601,8,40,0.015625,1.52587890625e-05,5,0.8052963802411539,0.9930555555555556
602,8,40,0.015625,1.52587890625e-05,6,0.8037316149262876,0.9791666666666666
603,8,40,0.015625,1.52587890625e-05,7,0.7969858461178366,0.9722222222222222
604,8,40,0.015625,1.52587890625e-05,8,0.8042405553801042,0.9861111111111112
605,8,40,0.015625,1.52587890625e-05,9,0.8147116509062863,0.9722222222222222
606,8,40,0.015625,1.52587890625e-05,10,0.7943049227892531,0.9722222222222222
607,8,40,0.015625,1.52587890625e-05,11,0.6997525716553219,0.7291666666666666
608,8,40,0.015625,1.52587890625e-05,12,0.7908889979765568,0.9
609,8,40,0.015625,1.52587890625e-05,13,0.811161763538868,0.8958333333333334
610,8,40,0.015625,1.52587890625e-05,14,0.8425857545254368,0.9583333333333334
611,8,40,0.015625,1.52587890625e-05,15,0.8277586595198414,0.9722222222222222
612,8,40,0.015625,1.52587890625e-05,16,0.8830949888816513,1.0
613,8,40,0.015625,1.52587890625e-05,17,0.9031595761687816,0.9927536231884058
614,8,40,0.015625,1.52587890625e-05,18,0.8773289933592816,1.0
615,8,41,0.015625,3.0517578125e-05,4,0.8630564462197814,1.0
616,8,41,0.015625,3.0517578125e-05,5,0.8042590009578721,0.9930555555555556
617,8,41,0.015625,3.0517578125e-05,6,0.8022253985081973,0.9791666666666666
618,8,41,0.015625,3.0517578125e-05,7,0.7954583747818573,0.9722222222222222
619,8,41,0.015625,3.0517578125e-05,8,0.8020018480183003,0.9861111111111112
620,8,41,0.015625,3.0517578125e-05,9,0.8129799102680061,0.9722222222222222
621,8,41,0.015625,3.0517578125e-05,10,0.7923098489075064,0.9722222222222222
622,8,41,0.015625,3.0517578125e-05,11,0.6992015506242178,0.7222222222222222
623,8,41,0.015625,3.0517578125e-05,12,0.7891443828498221,0.9
624,8,41,0.015625,3.0517578125e-05,13,0.8096329399494382,0.8958333333333334
625,8,41,0.015625,3.0517578125e-05,14,0.8428460743801652,0.9652777777777778
626,8,41,0.015625,3.0517578125e-05,15,0.8284824107022206,0.9791666666666666
627,8,41,0.015625,3.0517578125e-05,16,0.8811969183082141,1.0
628,8,41,0.015625,3.0517578125e-05,17,0.9014354884537642,1.0
629,8,41,0.015625,3.0517578125e-05,18,0.873360480567022,1.0
630,8,42,0.015625,6.103515625e-05,4,0.8626205392470673,1.0
631,8,42,0.015625,6.103515625e-05,5,0.8022529258973119,0.9930555555555556
632,8,42,0.015625,6.103515625e-05,6,0.7994730587461836,0.9791666666666666
633,8,42,0.015625,6.103515625e-05,7,0.7926759597412923,0.9652777777777778
634,8,42,0.015625,6.103515625e-05,8,0.7980592527895985,0.9861111111111112
635,8,42,0.015625,6.103515625e-05,9,0.8099600109018804,0.9722222222222222
636,8,42,0.015625,6.103515625e-05,10,0.7887679530378331,0.9722222222222222
637,8,42,0.015625,6.103515625e-05,11,0.6981861970025335,0.7152777777777778
638,8,42,0.015625,6.103515625e-05,12,0.7860883849570766,0.9
639,8,42,0.015625,6.103515625e-05,13,0.8070481696879004,0.8958333333333334
640,8,42,0.015625,6.103515625e-05,14,0.8423251665761102,0.9722222222222222
641,8,42,0.015625,6.103515625e-05,15,0.8290457186613215,0.9791666666666666
642,8,42,0.015625,6.103515625e-05,16,0.8779766851598123,1.0
643,8,42,0.015625,6.103515625e-05,17,0.8986341533504763,1.0
644,8,42,0.015625,6.103515625e-05,18,0.8675367632428039,1.0
645,8,43,0.015625,0.0001220703125,4,0.8617763785246914,1.0
646,8,43,0.015625,0.0001220703125,5,0.798589582867964,0.9930555555555556
647,8,43,0.015625,0.0001220703125,6,0.7947232299902589,0.9722222222222222
648,8,43,0.015625,0.0001220703125,7,0.7881026672770642,0.9652777777777778
649,8,43,0.015625,0.0001220703125,8,0.7917948737171875,0.9861111111111112
650,8,43,0.015625,0.0001220703125,9,0.8051917874790775,0.9861111111111112
651,8,43,0.015625,0.0001220703125,10,0.7828420116627314,0.9629629629629629
652,8,43,0.015625,0.0001220703125,11,0.6966819083666556,0.7222222222222222
653,8,43,0.015625,0.0001220703125,12,0.7816243579459059,0.9
654,8,43,0.015625,0.0001220703125,13,0.8031787232595313,0.9097222222222222
655,8,43,0.015625,0.0001220703125,14,0.8408459099488118,0.9722222222222222
656,8,43,0.015625,0.0001220703125,15,0.8290421152200352,0.9791666666666666
657,8,43,0.015625,0.0001220703125,16,0.8731573864019228,1.0
658,8,43,0.015625,0.0001220703125,17,0.8944010189968085,1.0
659,8,43,0.015625,0.0001220703125,18,0.859945908818165,0.9861111111111112
660,8,44,0.015625,0.000244140625,4,0.860115802480402,1.0
661,8,44,0.015625,0.000244140625,5,0.7924689560129358,0.9861111111111112
662,8,44,0.015625,0.000244140625,6,0.7872575906733075,0.9722222222222222
663,8,44,0.015625,0.000244140625,7,0.7812803549485237,0.9583333333333334
664,8,44,0.015625,0.000244140625,8,0.7830915228251812,0.9791666666666666
665,8,44,0.015625,0.000244140625,9,0.798601301503964,0.9930555555555556
666,8,44,0.015625,0.000244140625,10,0.7742847963754808,0.9537037037037037
667,8,44,0.015625,0.000244140625,11,0.6946361832666891,0.7291666666666666
668,8,44,0.015625,0.000244140625,12,0.7759651345170676,0.9
669,8,44,0.015625,0.000244140625,13,0.7982164178258454,0.9027777777777778
670,8,44,0.015625,0.000244140625,14,0.8384726472018071,0.9652777777777778
671,8,44,0.015625,0.000244140625,15,0.827614882212513,0.9652777777777778
672,8,44,0.015625,0.000244140625,16,0.8670444958558883,1.0
673,8,44,0.015625,0.000244140625,17,0.8884718866521385,1.0
674,8,44,0.015625,0.000244140625,18,0.8511060886948603,0.9722222222222222
675,8,45,0.015625,0.00048828125,4,0.8570590152042028,1.0
676,8,45,0.015625,0.00048828125,5,0.7833092844555016,0.9861111111111112
677,8,45,0.015625,0.00048828125,6,0.7768957751763212,0.9583333333333334
678,8,45,0.015625,0.00048828125,7,0.7720180727038665,0.9513888888888888
679,8,45,0.015625,0.00048828125,8,0.7725196305087954,0.9791666666666666
680,8,45,0.015625,0.00048828125,9,0.7906095657376765,0.9861111111111112
681,8,45,0.015625,0.00048828125,10,0.7638835555808685,0.9351851851851852
682,8,45,0.015625,0.00048828125,11,0.6922965721437075,0.7222222222222222
683,8,45,0.015625,0.00048828125,12,0.7698358975586977,0.8916666666666667
684,8,45,0.015625,0.00048828125,13,0.792994547041685,0.9027777777777778
685,8,45,0.015625,0.00048828125,14,0.8353510430667161,0.9652777777777778
686,8,45,0.015625,0.00048828125,15,0.8249922976442503,0.9652777777777778
687,8,45,0.015625,0.00048828125,16,0.8608543384021023,1.0
688,8,45,0.015625,0.00048828125,17,0.8815795486097853,1.0
689,8,45,0.015625,0.00048828125,18,0.8420122994644114,0.9652777777777778
690,8,46,0.015625,0.0009765625,4,0.8517715346017867,1.0
691,8,46,0.015625,0.0009765625,5,0.7712195175184142,0.9513888888888888
692,8,46,0.015625,0.0009765625,6,0.7643232761142911,0.9375
693,8,46,0.015625,0.0009765625,7,0.7607530953012003,0.9513888888888888
694,8,46,0.015625,0.0009765625,8,0.7612969489892596,0.9791666666666666
695,8,46,0.015625,0.0009765625,9,0.7818322763857275,0.9791666666666666
696,8,46,0.015625,0.0009765625,10,0.7529375619926031,0.9351851851851852
697,8,46,0.015625,0.0009765625,11,0.6898836421354659,0.7291666666666666
698,8,46,0.015625,0.0009765625,12,0.7642401791166293,0.8916666666666667
699,8,46,0.015625,0.0009765625,13,0.7884569601741318,0.9027777777777778
700,8,46,0.015625,0.0009765625,14,0.8314541987188653,0.9652777777777778
701,8,46,0.015625,0.0009765625,15,0.8220880140534211,0.9722222222222222
702,8,46,0.015625,0.0009765625,16,0.855844028660632,1.0
703,8,46,0.015625,0.0009765625,17,0.8752008512351389,0.9927536231884058
704,8,46,0.015625,0.0009765625,18,0.8347721642829714,0.9652777777777778
705,8,47,0.015625,0.001953125,4,0.8438910112737581,1.0
706,8,47,0.015625,0.001953125,5,0.7568357571142772,0.9305555555555556
707,8,47,0.015625,0.001953125,6,0.7508776904251327,0.9166666666666666
708,8,47,0.015625,0.001953125,7,0.7492378778126194,0.9444444444444444
709,8,47,0.015625,0.001953125,8,0.7515073250684807,0.9444444444444444
710,8,47,0.015625,0.001953125,9,0.7736259374476402,0.9791666666666666
711,8,47,0.015625,0.001953125,10,0.7439564807413322,0.9166666666666666
712,8,47,0.015625,0.001953125,11,0.6882189798846189,0.7361111111111112
713,8,47,0.015625,0.001953125,12,0.7604707798038817,0.8916666666666667
714,8,47,0.015625,0.001953125,13,0.7858767245972632,0.9027777777777778
715,8,47,0.015625,0.001953125,14,0.8295336583831393,0.9652777777777778
716,8,47,0.015625,0.001953125,15,0.8206331246340255,0.9652777777777778
717,8,47,0.015625,0.001953125,16,0.8536422811706835,1.0
718,8,47,0.015625,0.001953125,17,0.8711965769370421,0.9927536231884058
719,8,47,0.015625,0.001953125,18,0.8311709092187065,0.9583333333333334
720,8,48,0.015625,0.00390625,4,0.8335170890005157,1.0
721,8,48,0.015625,0.00390625,5,0.7415173754348676,0.9236111111111112
722,8,48,0.015625,0.00390625,6,0.739000709070945,0.8888888888888888
723,8,48,0.015625,0.00390625,7,0.7407475277174456,0.9375
724,8,48,0.015625,0.00390625,8,0.7455745959334226,0.9305555555555556
725,8,48,0.015625,0.00390625,9,0.7684560812940757,0.9652777777777778
726,8,48,0.015625,0.00390625,10,0.7391178790979291,0.9074074074074074
727,8,48,0.015625,0.00390625,11,0.6882186135954336,0.75
728,8,48,0.015625,0.00390625,12,0.7595858287137367,0.8833333333333333
729,8,48,0.015625,0.00390625,13,0.7862599054518247,0.8958333333333334
730,8,48,0.015625,0.00390625,14,0.8295713703566016,0.9652777777777778
731,8,48,0.015625,0.00390625,15,0.8204795279491915,0.9652777777777778
732,8,48,0.015625,0.00390625,16,0.8531723905572651,0.9907407407407407
733,8,48,0.015625,0.00390625,17,0.8694780553885345,0.9927536231884058
734,8,48,0.015625,0.00390625,18,0.8297498399126354,0.9513888888888888
735,8,49,0.015625,0.0078125,4,0.8216199350241437,1.0
736,8,49,0.015625,0.0078125,5,0.7284200277005658,0.9027777777777778
737,8,49,0.015625,0.0078125,6,0.7318318641337459,0.8819444444444444
738,8,49,0.015625,0.0078125,7,0.7380286622997994,0.9305555555555556
739,8,49,0.015625,0.0078125,8,0.7442926972351884,0.9236111111111112
740,8,49,0.015625,0.0078125,9,0.7667176189743745,0.9652777777777778
741,8,49,0.015625,0.0078125,10,0.7384043500006617,0.9074074074074074
742,8,49,0.015625,0.0078125,11,0.6889860504868595,0.7569444444444444
743,8,49,0.015625,0.0078125,12,0.7599271081524407,0.8833333333333333
744,8,49,0.015625,0.0078125,13,0.7870902062147853,0.9027777777777778
745,8,49,0.015625,0.0078125,14,0.8296761953444479,0.9513888888888888
746,8,49,0.015625,0.0078125,15,0.8211755326336652,0.9652777777777778
747,8,49,0.015625,0.0078125,16,0.8530818265537611,0.9907407407407407
748,8,49,0.015625,0.0078125,17,0.8689308882760352,0.9927536231884058
749,8,49,0.015625,0.0078125,18,0.8288606896238062,0.9583333333333334
750,8,50,0.015625,0.015625,4,0.8095302224379174,1.0
751,8,50,0.015625,0.015625,5,0.7206096173388883,0.8680555555555556
752,8,50,0.015625,0.015625,6,0.7305391864959847,0.8680555555555556
753,8,50,0.015625,0.015625,7,0.7389089773200561,0.9305555555555556
754,8,50,0.015625,0.015625,8,0.7439710745776594,0.9305555555555556
755,8,50,0.015625,0.015625,9,0.7659908923669911,0.9652777777777778
756,8,50,0.015625,0.015625,10,0.7396757072420997,0.9259259259259259
757,8,50,0.015625,0.015625,11,0.6896338329110834,0.7569444444444444
758,8,50,0.015625,0.015625,12,0.7601100561535422,0.8833333333333333
759,8,50,0.015625,0.015625,13,0.7873443299436564,0.9097222222222222
760,8,50,0.015625,0.015625,14,0.8299849509565614,0.9513888888888888
761,8,50,0.015625,0.015625,15,0.8227168145579029,0.9722222222222222
762,8,50,0.015625,0.015625,16,0.8529528087868647,0.9907407407407407
763,8,50,0.015625,0.015625,17,0.869113277313535,0.9927536231884058
764,8,50,0.015625,0.015625,18,0.8282778114002877,0.9583333333333334
765,8,51,0.015625,0.03125,4,0.7986100568319823,0.9907407407407407
766,8,51,0.015625,0.03125,5,0.7190237944697306,0.8680555555555556
767,8,51,0.015625,0.03125,6,0.7309474616292798,0.875
768,8,51,0.015625,0.03125,7,0.7397114580357358,0.9236111111111112
769,8,51,0.015625,0.03125,8,0.7421294287543027,0.9236111111111112
770,8,51,0.015625,0.03125,9,0.7661716908782121,0.9583333333333334
771,8,51,0.015625,0.03125,10,0.7409022232507808,0.9259259259259259
772,8,51,0.015625,0.03125,11,0.6894607002228259,0.75
773,8,51,0.015625,0.03125,12,0.760307467583003,0.875
774,8,51,0.015625,0.03125,13,0.7872188098720085,0.9027777777777778
775,8,51,0.015625,0.03125,14,0.8304656445709057,0.9583333333333334
776,8,51,0.015625,0.03125,15,0.8241172019278411,0.9722222222222222
777,8,51,0.015625,0.03125,16,0.8528148064958109,0.9907407407407407
778,8,51,0.015625,0.03125,17,0.8699211481318716,0.9927536231884058
779,8,51,0.015625,0.03125,18,0.8275809209972085,0.9583333333333334
780,8,52,0.015625,0.0625,4,0.7901704775112468,0.9814814814814815
781,8,52,0.015625,0.0625,5,0.7200063872988073,0.8680555555555556
782,8,52,0.015625,0.0625,6,0.7304753356900189,0.875
783,8,52,0.015625,0.0625,7,0.7398437634456718,0.9166666666666666
784,8,52,0.015625,0.0625,8,0.7393948396056936,0.9166666666666666
785,8,52,0.015625,0.0625,9,0.7668870347842107,0.9513888888888888
786,8,52,0.015625,0.0625,10,0.7410044997655661,0.9351851851851852
787,8,52,0.015625,0.0625,11,0.6882163548121242,0.7569444444444444
788,8,52,0.015625,0.0625,12,0.7600165706828222,0.875
789,8,52,0.015625,0.0625,13,0.7869353013864797,0.8958333333333334
790,8,52,0.015625,0.0625,14,0.8305786017615602,0.9583333333333334
791,8,52,0.015625,0.0625,15,0.8243870095941623,0.9652777777777778
792,8,52,0.015625,0.0625,16,0.8524412299813571,0.9907407407407407
793,8,52,0.015625,0.0625,17,0.870435694919708,0.9927536231884058
794,8,52,0.015625,0.0625,18,0.8266464966062512,0.9652777777777778
795,8,53,0.015625,0.125,4,0.7842454057626551,0.9814814814814815
796,8,53,0.015625,0.125,5,0.7205709550281159,0.875
797,8,53,0.015625,0.125,6,0.7297245293799759,0.8680555555555556
798,8,53,0.015625,0.125,7,0.7391752661597613,0.9166666666666666
799,8,53,0.015625,0.125,8,0.7372748664825521,0.9166666666666666
800,8,53,0.015625,0.125,9,0.7669873203084809,0.9583333333333334
801,8,53,0.015625,0.125,10,0.740185565695414,0.9259259259259259
802,8,53,0.015625,0.125,11,0.6861340618418241,0.7569444444444444
803,8,53,0.015625,0.125,12,0.759239376923169,0.875
804,8,53,0.015625,0.125,13,0.7862472990284438,0.9027777777777778
805,8,53,0.015625,0.125,14,0.830009079470388,0.9583333333333334
806,8,53,0.015625,0.125,15,0.8233246250168911,0.9652777777777778
807,8,53,0.015625,0.125,16,0.8517118663102805,0.9907407407407407
808,8,53,0.015625,0.125,17,0.8702435974522492,0.9927536231884058
809,8,53,0.015625,0.125,18,0.8253402664039804,0.9722222222222222
810,8,54,0.015625,0.25,4,0.7788860267803029,0.9722222222222222
811,8,54,0.015625,0.25,5,0.7194305950276616,0.8541666666666666
812,8,54,0.015625,0.25,6,0.728795207575356,0.8611111111111112
813,8,54,0.015625,0.25,7,0.7373833561085086,0.9166666666666666
814,8,54,0.015625,0.25,8,0.7358202080613707,0.8958333333333334
815,8,54,0.015625,0.25,9,0.7661244428547912,0.9583333333333334
816,8,54,0.015625,0.25,10,0.7386583968417012,0.9351851851851852
817,8,54,0.015625,0.25,11,0.6836157626446079,0.7569444444444444
818,8,54,0.015625,0.25,12,0.7577513679194453,0.8833333333333333
819,8,54,0.015625,0.25,13,0.7854611660941627,0.9097222222222222
820,8,54,0.015625,0.25,14,0.8286118597900998,0.9583333333333334
821,8,54,0.015625,0.25,15,0.821176613666051,0.9722222222222222
822,8,54,0.015625,0.25,16,0.8507075761999955,0.9907407407407407
823,8,54,0.015625,0.25,17,0.8693682854071295,0.9855072463768116
824,8,54,0.015625,0.25,18,0.823392963184816,0.9722222222222222
825,8,55,0.015625,0.5,4,0.7730359874435931,0.9444444444444444
826,8,55,0.015625,0.5,5,0.7153771100858075,0.8263888888888888
827,8,55,0.015625,0.5,6,0.7270144843229922,0.8611111111111112
828,8,55,0.015625,0.5,7,0.7339198801463577,0.8888888888888888
829,8,55,0.015625,0.5,8,0.7336777906997447,0.8888888888888888
830,8,55,0.015625,0.5,9,0.7635091200215095,0.9236111111111112
831,8,55,0.015625,0.5,10,0.7352516664052934,0.9351851851851852
832,8,55,0.015625,0.5,11,0.6812835383535301,0.7569444444444444
833,8,55,0.015625,0.5,12,0.755277738532824,0.8833333333333333
834,8,55,0.015625,0.5,13,0.7841061116212632,0.9097222222222222
835,8,55,0.015625,0.5,14,0.8265386842632045,0.9583333333333334
836,8,55,0.015625,0.5,15,0.8168993288590605,0.9652777777777778
837,8,55,0.015625,0.5,16,0.8484353900406548,0.9907407407407407
838,8,55,0.015625,0.5,17,0.8671315925902674,0.9855072463768116
839,8,55,0.015625,0.5,18,0.8193769022487688,0.9722222222222222
840,8,56,0.015625,1.0,4,0.7636370256377639,0.9259259259259259
841,8,56,0.015625,1.0,5,0.7056694849026572,0.7847222222222222
842,8,56,0.015625,1.0,6,0.7224988468991915,0.8541666666666666
843,8,56,0.015625,1.0,7,0.7251624237146369,0.8680555555555556
844,8,56,0.015625,1.0,8,0.7296478081959424,0.8888888888888888
845,8,56,0.015625,1.0,9,0.756318147484975,0.9097222222222222
846,8,56,0.015625,1.0,10,0.7246842964639197,0.9074074074074074
847,8,56,0.015625,1.0,11,0.6726778181374196,0.75
848,8,56,0.015625,1.0,12,0.7476378874774009,0.875
849,8,56,0.015625,1.0,13,0.7754357038397441,0.9027777777777778
850,8,56,0.015625,1.0,14,0.7918919257056249,0.9097222222222222
851,8,56,0.015625,1.0,15,0.8086969055447952,0.9583333333333334
852,8,56,0.015625,1.0,16,0.8400709777408415,0.9907407407407407
853,8,56,0.015625,1.0,17,0.857680889085071,0.9927536231884058
854,8,56,0.015625,1.0,18,0.8047779682574794,0.9444444444444444
855,8,57,0.03125,3.814697265625e-06,4,0.8652299895516906,1.0
856,8,57,0.03125,3.814697265625e-06,5,0.7989619080473952,0.9930555555555556
857,8,57,0.03125,3.814697265625e-06,6,0.799562208928098,0.9861111111111112
858,8,57,0.03125,3.814697265625e-06,7,0.789983985667129,0.9652777777777778
859,8,57,0.03125,3.814697265625e-06,8,0.8020080799258544,0.9791666666666666
860,8,57,0.03125,3.814697265625e-06,9,0.8090883511053119,0.9722222222222222
861,8,57,0.03125,3.814697265625e-06,10,0.7866159749498745,0.9629629629629629
862,8,57,0.03125,3.814697265625e-06,11,0.7130264643936388,0.7291666666666666
863,8,57,0.03125,3.814697265625e-06,12,0.7885095245507118,0.9083333333333333
864,8,57,0.03125,3.814697265625e-06,13,0.8033304538085684,0.9027777777777778
865,8,57,0.03125,3.814697265625e-06,14,0.8323845763390432,0.9513888888888888
866,8,57,0.03125,3.814697265625e-06,15,0.8131721093644431,0.9583333333333334
867,8,57,0.03125,3.814697265625e-06,16,0.8824357044990004,1.0
868,8,57,0.03125,3.814697265625e-06,17,0.899853661599082,0.9927536231884058
869,8,57,0.03125,3.814697265625e-06,18,0.8789923514676095,1.0
870,8,58,0.03125,7.62939453125e-06,4,0.8651798450405558,1.0
871,8,58,0.03125,7.62939453125e-06,5,0.7986857486847353,0.9930555555555556
872,8,58,0.03125,7.62939453125e-06,6,0.7991847405178973,0.9861111111111112
873,8,58,0.03125,7.62939453125e-06,7,0.7895626736105135,0.9652777777777778
874,8,58,0.03125,7.62939453125e-06,8,0.8014018980609865,0.9791666666666666
875,8,58,0.03125,7.62939453125e-06,9,0.808680045756497,0.9722222222222222
876,8,58,0.03125,7.62939453125e-06,10,0.7862010932757804,0.9629629629629629
877,8,58,0.03125,7.62939453125e-06,11,0.7128895943347272,0.7291666666666666
878,8,58,0.03125,7.62939453125e-06,12,0.7880405646484118,0.9083333333333333
879,8,58,0.03125,7.62939453125e-06,13,0.8029927104943941,0.9027777777777778
880,8,58,0.03125,7.62939453125e-06,14,0.8331960093225428,0.9513888888888888
881,8,58,0.03125,7.62939453125e-06,15,0.8137446060988244,0.9583333333333334
882,8,58,0.03125,7.62939453125e-06,16,0.8818623121672919,1.0
883,8,58,0.03125,7.62939453125e-06,17,0.8994505675871769,0.9927536231884058
884,8,58,0.03125,7.62939453125e-06,18,0.8776482894813686,1.0
885,8,59,0.03125,1.52587890625e-05,4,0.8650863771466389,1.0
886,8,59,0.03125,1.52587890625e-05,5,0.7981473270112142,0.9930555555555556
887,8,59,0.03125,1.52587890625e-05,6,0.7984230916181618,0.9861111111111112
888,8,59,0.03125,1.52587890625e-05,7,0.7887595905287397,0.9652777777777778
889,8,59,0.03125,1.52587890625e-05,8,0.8002140871098848,0.9791666666666666
890,8,59,0.03125,1.52587890625e-05,9,0.8078894877072959,0.9722222222222222
891,8,59,0.03125,1.52587890625e-05,10,0.7853244832729768,0.9629629629629629
892,8,59,0.03125,1.52587890625e-05,11,0.7126059644089008,0.7361111111111112
893,8,59,0.03125,1.52587890625e-05,12,0.7871286023874235,0.9
894,8,59,0.03125,1.52587890625e-05,13,0.8023851534423925,0.9027777777777778
895,8,59,0.03125,1.52587890625e-05,14,0.8343551609997425,0.9513888888888888
896,8,59,0.03125,1.52587890625e-05,15,0.814739336065943,0.9583333333333334
897,8,59,0.03125,1.52587890625e-05,16,0.8807405044810314,1.0
898,8,59,0.03125,1.52587890625e-05,17,0.898665608663544,0.9927536231884058
899,8,59,0.03125,1.52587890625e-05,18,0.8752125841330811,1.0
900,8,60,0.03125,3.0517578125e-05,4,0.8649061703097483,1.0
901,8,60,0.03125,3.0517578125e-05,5,0.7970876322697561,0.9930555555555556
902,8,60,0.03125,3.0517578125e-05,6,0.7969744441881997,0.9861111111111112
903,8,60,0.03125,3.0517578125e-05,7,0.7872452421683802,0.9652777777777778
904,8,60,0.03125,3.0517578125e-05,8,0.7980092101033748,0.9722222222222222
905,8,60,0.03125,3.0517578125e-05,9,0.8063700442625173,0.9722222222222222
906,8,60,0.03125,3.0517578125e-05,10,0.7836072004270747,0.9629629629629629
907,8,60,0.03125,3.0517578125e-05,11,0.7120423064009035,0.7361111111111112
908,8,60,0.03125,3.0517578125e-05,12,0.785434848720681,0.8916666666666667
909,8,60,0.03125,3.0517578125e-05,13,0.8013203187883322,0.9027777777777778
910,8,60,0.03125,3.0517578125e-05,14,0.8356097543538562,0.9513888888888888
911,8,60,0.03125,3.0517578125e-05,15,0.8162516102878248,0.9513888888888888
912,8,60,0.03125,3.0517578125e-05,16,0.8787272523078996,1.0
913,8,60,0.03125,3.0517578125e-05,17,0.8971220977457673,1.0
914,8,60,0.03125,3.0517578125e-05,18,0.8712309439185151,1.0
915,8,61,0.03125,6.103515625e-05,4,0.8645413321202787,1.0
916,8,61,0.03125,6.103515625e-05,5,0.7951047189621931,0.9930555555555556
917,8,61,0.03125,6.103515625e-05,6,0.7943018749074937,0.9722222222222222
918,8,61,0.03125,6.103515625e-05,7,0.784501421583982,0.9583333333333334
919,8,61,0.03125,6.103515625e-05,8,0.7941399452154412,0.9722222222222222
920,8,61,0.03125,6.103515625e-05,9,0.8036646410855172,0.9722222222222222
921,8,61,0.03125,6.103515625e-05,10,0.7803171855428336,0.9629629629629629
922,8,61,0.03125,6.103515625e-05,11,0.7110336070327523,0.7430555555555556
923,8,61,0.03125,6.103515625e-05,12,0.7825293279534488,0.8916666666666667
924,8,61,0.03125,6.103515625e-05,13,0.7994898479746966,0.9027777777777778
925,8,61,0.03125,6.103515625e-05,14,0.8363317331064658,0.9583333333333334
926,8,61,0.03125,6.103515625e-05,15,0.8180076573127335,0.9513888888888888
927,8,61,0.03125,6.103515625e-05,16,0.8752426944587949,1.0
928,8,61,0.03125,6.103515625e-05,17,0.8944623762741506,1.0
929,8,61,0.03125,6.103515625e-05,18,0.8652781230473604,0.9930555555555556
930,8,62,0.03125,0.0001220703125,4,0.8638583896882974,1.0
931,8,62,0.03125,0.0001220703125,5,0.7915873840603934,0.9930555555555556
932,8,62,0.03125,0.0001220703125,6,0.7897082310745178,0.9652777777777778
933,8,62,0.03125,0.0001220703125,7,0.7799427149844589,0.9583333333333334
934,8,62,0.03125,0.0001220703125,8,0.7880227422454922,0.9722222222222222
935,8,62,0.03125,0.0001220703125,9,0.7992077737962855,0.9791666666666666
936,8,62,0.03125,0.0001220703125,10,0.7746429647194153,0.9444444444444444
937,8,62,0.03125,0.0001220703125,11,0.7093870760965781,0.75
938,8,62,0.03125,0.0001220703125,12,0.778227655320219,0.8916666666666667
939,8,62,0.03125,0.0001220703125,13,0.79642022922831,0.8958333333333334
940,8,62,0.03125,0.0001220703125,14,0.8355950985158284,0.9583333333333334
941,8,62,0.03125,0.0001220703125,15,0.819277960452232,0.9513888888888888
942,8,62,0.03125,0.0001220703125,16,0.8699827946362392,1.0
943,8,62,0.03125,0.0001220703125,17,0.8904477463174306,1.0
944,8,62,0.03125,0.0001220703125,18,0.8575551674754157,0.9861111111111112
945,8,63,0.03125,0.000244140625,4,0.862365392175705,1.0
946,8,63,0.03125,0.000244140625,5,0.7857191757712029,0.9791666666666666
947,8,63,0.03125,0.000244140625,6,0.7824695546965623,0.9513888888888888
948,8,63,0.03125,0.000244140625,7,0.7729291083949181,0.9583333333333334
949,8,63,0.03125,0.000244140625,8,0.7793947365215086,0.9722222222222222
950,8,63,0.03125,0.000244140625,9,0.7927944065797902,0.9791666666666666
951,8,63,0.03125,0.000244140625,10,0.7662423327708794,0.9351851851851852
952,8,63,0.03125,0.000244140625,11,0.7070081499343732,0.7708333333333334
953,8,63,0.03125,0.000244140625,12,0.7726467834436848,0.8916666666666667
954,8,63,0.03125,0.000244140625,13,0.7921685995760068,0.9027777777777778
955,8,63,0.03125,0.000244140625,14,0.8335130758671967,0.9652777777777778
956,8,63,0.03125,0.000244140625,15,0.8190325661006261,0.9444444444444444
957,8,63,0.03125,0.000244140625,16,0.8635387345297725,1.0
958,8,63,0.03125,0.000244140625,17,0.8845395841814726,1.0
959,8,63,0.03125,0.000244140625,18,0.8486148760569772,0.9722222222222222
960,8,64,0.03125,0.00048828125,4,0.8596008072897583,1.0
961,8,64,0.03125,0.00048828125,5,0.7769995329788842,0.9652777777777778
962,8,64,0.03125,0.00048828125,6,0.7722682267374819,0.9375
963,8,64,0.03125,0.00048828125,7,0.7633517456569405,0.9513888888888888
964,8,64,0.03125,0.00048828125,8,0.7688975333828764,0.9583333333333334
965,8,64,0.03125,0.00048828125,9,0.7846659312067796,0.9791666666666666
966,8,64,0.03125,0.00048828125,10,0.7557075308804886,0.9259259259259259
967,8,64,0.03125,0.00048828125,11,0.7039642868044321,0.7569444444444444
968,8,64,0.03125,0.00048828125,12,0.7665193663868968,0.9
969,8,64,0.03125,0.00048828125,13,0.7872878277726763,0.9097222222222222
970,8,64,0.03125,0.00048828125,14,0.830740262804198,0.9583333333333334
971,8,64,0.03125,0.00048828125,15,0.8170748164497095,0.9444444444444444
972,8,64,0.03125,0.00048828125,16,0.8568222636508613,1.0
973,8,64,0.03125,0.00048828125,17,0.8774041470529413,0.9927536231884058
974,8,64,0.03125,0.00048828125,18,0.8395083728663417,0.9652777777777778
975,8,65,0.03125,0.0009765625,4,0.8548940443714399,1.0
976,8,65,0.03125,0.0009765625,5,0.7656754401456873,0.9375
977,8,65,0.03125,0.0009765625,6,0.759681141810747,0.9097222222222222
978,8,65,0.03125,0.0009765625,7,0.7516579266214835,0.9513888888888888
979,8,65,0.03125,0.0009765625,8,0.7578715083746529,0.9513888888888888
980,8,65,0.03125,0.0009765625,9,0.7756876782993459,0.9722222222222222
981,8,65,0.03125,0.0009765625,10,0.7446201951596336,0.9074074074074074
982,8,65,0.03125,0.0009765625,11,0.7009465523030431,0.7569444444444444
983,8,65,0.03125,0.0009765625,12,0.7605771961542604,0.9
984,8,65,0.03125,0.0009765625,13,0.782890271967713,0.9166666666666666
985,8,65,0.03125,0.0009765625,14,0.8279367975921531,0.9583333333333334
986,8,65,0.03125,0.0009765625,15,0.8145998828881582,0.9444444444444444
987,8,65,0.03125,0.0009765625,16,0.8512739606028616,1.0
988,8,65,0.03125,0.0009765625,17,0.8707555553254297,0.9927536231884058
989,8,65,0.03125,0.0009765625,18,0.8322110765468264,0.9583333333333334
990,8,66,0.03125,0.001953125,4,0.847581979131956,1.0
991,8,66,0.03125,0.001953125,5,0.7523925311364115,0.9097222222222222
992,8,66,0.03125,0.001953125,6,0.7460317412510626,0.9027777777777778
993,8,66,0.03125,0.001953125,7,0.7399212535410521,0.9166666666666666
994,8,66,0.03125,0.001953125,8,0.7481362379332934,0.9236111111111112
995,8,66,0.03125,0.001953125,9,0.7673364552354415,0.9652777777777778
996,8,66,0.03125,0.001953125,10,0.7354705782553712,0.9166666666666666
997,8,66,0.03125,0.001953125,11,0.6990180397423765,0.7569444444444444
998,8,66,0.03125,0.001953125,12,0.7562987991044169,0.9083333333333333
999,8,66,0.03125,0.001953125,13,0.780563525263862,0.9166666666666666
1000,8,66,0.03125,0.001953125,14,0.8266024907775458,0.9652777777777778
1001,8,66,0.03125,0.001953125,15,0.8133998468537453,0.9513888888888888
1002,8,66,0.03125,0.001953125,16,0.8488944992250848,0.9907407407407407
1003,8,66,0.03125,0.001953125,17,0.8665952989193224,0.9927536231884058
1004,8,66,0.03125,0.001953125,18,0.828488056888253,0.9513888888888888
1005,8,67,0.03125,0.00390625,4,0.8377860092205064,1.0
1006,8,67,0.03125,0.00390625,5,0.738387019975453,0.9027777777777778
1007,8,67,0.03125,0.00390625,6,0.7338374420437767,0.8819444444444444
1008,8,67,0.03125,0.00390625,7,0.731659888613904,0.8958333333333334
1009,8,67,0.03125,0.00390625,8,0.7422819464918109,0.9027777777777778
1010,8,67,0.03125,0.00390625,9,0.7622827320740238,0.9513888888888888
1011,8,67,0.03125,0.00390625,10,0.7306436080587476,0.9166666666666666
1012,8,67,0.03125,0.00390625,11,0.6988462501144653,0.7708333333333334
1013,8,67,0.03125,0.00390625,12,0.755262317261527,0.9
1014,8,67,0.03125,0.00390625,13,0.7809584056048703,0.9166666666666666
1015,8,67,0.03125,0.00390625,14,0.8266717485487145,0.9583333333333334
1016,8,67,0.03125,0.00390625,15,0.813492725552903,0.9513888888888888
1017,8,67,0.03125,0.00390625,16,0.8486396981199883,0.9907407407407407
1018,8,67,0.03125,0.00390625,17,0.8648488170925324,0.9927536231884058
1019,8,67,0.03125,0.00390625,18,0.8269968023873304,0.9513888888888888
1020,8,68,0.03125,0.0078125,4,0.8262206017433514,1.0
1021,8,68,0.03125,0.0078125,5,0.7261618013251641,0.8680555555555556
1022,8,68,0.03125,0.0078125,6,0.7267329642263382,0.875
1023,8,68,0.03125,0.0078125,7,0.7295398181198606,0.8958333333333334
1024,8,68,0.03125,0.0078125,8,0.7409594232533556,0.9097222222222222
1025,8,68,0.03125,0.0078125,9,0.7606127131527358,0.9375
1026,8,68,0.03125,0.0078125,10,0.7300938016020112,0.9166666666666666
1027,8,68,0.03125,0.0078125,11,0.6998370623607338,0.7708333333333334
1028,8,68,0.03125,0.0078125,12,0.7557094383448475,0.8916666666666667
1029,8,68,0.03125,0.0078125,13,0.7818282488181478,0.9166666666666666
1030,8,68,0.03125,0.0078125,14,0.8266686207784038,0.9652777777777778
1031,8,68,0.03125,0.0078125,15,0.8146830322958425,0.9583333333333334
1032,8,68,0.03125,0.0078125,16,0.8486352058579099,0.9907407407407407
1033,8,68,0.03125,0.0078125,17,0.8642801619883901,0.9927536231884058
1034,8,68,0.03125,0.0078125,18,0.8260899765928758,0.9444444444444444
1035,8,69,0.03125,0.015625,4,0.8145827428217994,1.0
1036,8,69,0.03125,0.015625,5,0.7187152531947072,0.8611111111111112
1037,8,69,0.03125,0.015625,6,0.7258271346993849,0.875
1038,8,69,0.03125,0.015625,7,0.7310326534054338,0.9166666666666666
1039,8,69,0.03125,0.015625,8,0.7406863907321695,0.9097222222222222
1040,8,69,0.03125,0.015625,9,0.7599244522258946,0.9513888888888888
1041,8,69,0.03125,0.015625,10,0.7316219330582162,0.9166666666666666
1042,8,69,0.03125,0.015625,11,0.7007543115289522,0.7638888888888888
1043,8,69,0.03125,0.015625,12,0.7559293590833444,0.8916666666666667
1044,8,69,0.03125,0.015625,13,0.7820791075740571,0.9166666666666666
1045,8,69,0.03125,0.015625,14,0.8270357316480311,0.9652777777777778
1046,8,69,0.03125,0.015625,15,0.8171124724111527,0.9652777777777778
1047,8,69,0.03125,0.015625,16,0.8486436513106175,0.9907407407407407
1048,8,69,0.03125,0.015625,17,0.8645272738922843,0.9927536231884058
1049,8,69,0.03125,0.015625,18,0.825587826848266,0.9444444444444444
1050,8,70,0.03125,0.03125,4,0.8043661673877245,0.9907407407407407
1051,8,70,0.03125,0.03125,5,0.7172611405248053,0.8541666666666666
1052,8,70,0.03125,0.03125,6,0.7266408452401031,0.8680555555555556
1053,8,70,0.03125,0.03125,7,0.7322390205871521,0.9097222222222222
1054,8,70,0.03125,0.03125,8,0.7389701327630591,0.8958333333333334
1055,8,70,0.03125,0.03125,9,0.7603918789331955,0.9513888888888888
1056,8,70,0.03125,0.03125,10,0.7331669100580329,0.9166666666666666
1057,8,70,0.03125,0.03125,11,0.7009344647599278,0.7638888888888888
1058,8,70,0.03125,0.03125,12,0.7560120209288682,0.9
1059,8,70,0.03125,0.03125,13,0.7821883027808954,0.9166666666666666
1060,8,70,0.03125,0.03125,14,0.8276243780205325,0.9513888888888888
1061,8,70,0.03125,0.03125,15,0.819456240709878,0.9652777777777778
1062,8,70,0.03125,0.03125,16,0.8486458075964153,0.9907407407407407
1063,8,70,0.03125,0.03125,17,0.8655273716238125,0.9927536231884058
1064,8,70,0.03125,0.03125,18,0.8250638669768322,0.9444444444444444
1065,8,71,0.03125,0.0625,4,0.7966670492029189,0.9814814814814815
1066,8,71,0.03125,0.0625,5,0.7183328170192562,0.8541666666666666
1067,8,71,0.03125,0.0625,6,0.7263733086420603,0.8680555555555556
1068,8,71,0.03125,0.0625,7,0.7326352914247162,0.9097222222222222
1069,8,71,0.03125,0.0625,8,0.7364214231427744,0.875
1070,8,71,0.03125,0.0625,9,0.7613241319892915,0.9513888888888888
1071,8,71,0.03125,0.0625,10,0.7333514088690183,0.9166666666666666
1072,8,71,0.03125,0.0625,11,0.7001941943164129,0.7638888888888888
1073,8,71,0.03125,0.0625,12,0.755827253026185,0.8916666666666667
1074,8,71,0.03125,0.0625,13,0.7821052273577526,0.9166666666666666
1075,8,71,0.03125,0.0625,14,0.8279208012811347,0.9513888888888888
1076,8,71,0.03125,0.0625,15,0.8203486329444619,0.9652777777777778
1077,8,71,0.03125,0.0625,16,0.8485241571393275,0.9907407407407407
1078,8,71,0.03125,0.0625,17,0.8663300646128375,0.9927536231884058
1079,8,71,0.03125,0.0625,18,0.8244314766644564,0.9444444444444444
1080,8,72,0.03125,0.125,4,0.7912794639330534,0.9722222222222222
1081,8,72,0.03125,0.125,5,0.7189893636330635,0.8541666666666666
1082,8,72,0.03125,0.125,6,0.7255476798579106,0.8472222222222222
1083,8,72,0.03125,0.125,7,0.7320830077688015,0.9097222222222222
1084,8,72,0.03125,0.125,8,0.7342507044866923,0.875
1085,8,72,0.03125,0.125,9,0.7615956977313835,0.9513888888888888
1086,8,72,0.03125,0.125,10,0.7323582437477966,0.9074074074074074
1087,8,72,0.03125,0.125,11,0.6984697658801624,0.7569444444444444
1088,8,72,0.03125,0.125,12,0.7549774547718539,0.8916666666666667
1089,8,72,0.03125,0.125,13,0.7816713487285879,0.9097222222222222
1090,8,72,0.03125,0.125,14,0.8273966763419027,0.9513888888888888
1091,8,72,0.03125,0.125,15,0.819458042430521,0.9652777777777778
1092,8,72,0.03125,0.125,16,0.848108173670852,0.9907407407407407
1093,8,72,0.03125,0.125,17,0.8661502644899937,0.9855072463768116
1094,8,72,0.03125,0.125,18,0.82357002833766,0.9583333333333334
1095,8,73,0.03125,0.25,4,0.7863921254682036,0.9537037037037037
1096,8,73,0.03125,0.25,5,0.7181493046685854,0.8472222222222222
1097,8,73,0.03125,0.25,6,0.7243597708943588,0.8333333333333334
1098,8,73,0.03125,0.25,7,0.7304825210569976,0.9027777777777778
1099,8,73,0.03125,0.25,8,0.7327466593695559,0.875
1100,8,73,0.03125,0.25,9,0.7608825126135789,0.9583333333333334
1101,8,73,0.03125,0.25,10,0.73073529594612,0.9259259259259259
1102,8,73,0.03125,0.25,11,0.6960080583620769,0.7638888888888888
1103,8,73,0.03125,0.25,12,0.7531798709306641,0.8916666666666667
1104,8,73,0.03125,0.25,13,0.7809467061184234,0.9097222222222222
1105,8,73,0.03125,0.25,14,0.8260105379050017,0.9583333333333334
1106,8,73,0.03125,0.25,15,0.8170392324670058,0.9652777777777778
1107,8,73,0.03125,0.25,16,0.8473022618539565,0.9907407407407407
1108,8,73,0.03125,0.25,17,0.8649666127093705,0.9855072463768116
1109,8,73,0.03125,0.25,18,0.8218912687653659,0.9652777777777778
1110,8,74,0.03125,0.5,4,0.7808457185206079,0.9537037037037037
1111,8,74,0.03125,0.5,5,0.714445606738823,0.8055555555555556
1112,8,74,0.03125,0.5,6,0.7224052650238708,0.8333333333333334
1113,8,74,0.03125,0.5,7,0.7270669762254708,0.875
1114,8,74,0.03125,0.5,8,0.7306855379448199,0.8680555555555556
1115,8,74,0.03125,0.5,9,0.7584146742646198,0.9097222222222222
1116,8,74,0.03125,0.5,10,0.7272702478420657,0.9259259259259259
1117,8,74,0.03125,0.5,11,0.6928033332315864,0.7847222222222222
1118,8,74,0.03125,0.5,12,0.7504549035571892,0.8833333333333333
1119,8,74,0.03125,0.5,13,0.7795328821322087,0.9027777777777778
1120,8,74,0.03125,0.5,14,0.8237202951185336,0.9583333333333334
1121,8,74,0.03125,0.5,15,0.8124216026305121,0.9652777777777778
1122,8,74,0.03125,0.5,16,0.8450915298398509,0.9907407407407407
1123,8,74,0.03125,0.5,17,0.8621721382299202,0.9782608695652174
1124,8,74,0.03125,0.5,18,0.8177065152844025,0.9652777777777778
1125,8,75,0.03125,1.0,4,0.772001296014387,0.9166666666666666
1126,8,75,0.03125,1.0,5,0.7051940899223881,0.7638888888888888
1127,8,75,0.03125,1.0,6,0.7160523249610182,0.8263888888888888
1128,8,75,0.03125,1.0,7,0.716616698964963,0.8611111111111112
1129,8,75,0.03125,1.0,8,0.7261275769874865,0.8541666666666666
1130,8,75,0.03125,1.0,9,0.7522687514673013,0.9027777777777778
1131,8,75,0.03125,1.0,10,0.7164258890335913,0.8981481481481481
1132,8,75,0.03125,1.0,11,0.6852530753029517,0.7638888888888888
1133,8,75,0.03125,1.0,12,0.741737383412555,0.8916666666666667
1134,8,75,0.03125,1.0,13,0.7702979968030473,0.8958333333333334
1135,8,75,0.03125,1.0,14,0.7879494159112357,0.8958333333333334
1136,8,75,0.03125,1.0,15,0.8033599387414981,0.9513888888888888
1137,8,75,0.03125,1.0,16,0.8364680038633454,0.9907407407407407
1138,8,75,0.03125,1.0,17,0.8509683511655617,0.9855072463768116
1139,8,75,0.03125,1.0,18,0.8025731815031519,0.9236111111111112
